Age,Fare,SibSp,Parch,FamilySize,Pclass,Sex_female,Sex_male,Embarked_C,Embarked_Q,Embarked_S,Title_Master,Title_Miss,Title_Mr,Title_Mrs,Title_Rare,IsAlone,HasCabin
-0.11207775677801594,0.606478112514573,-0.46508427634374117,-0.46618317148792077,-0.5563385795422586,0.8295675466232271,0.0,1.0,0.0,0.0,1.0,0.0,0.0,1.0,0.0,0.0,1.0,0.0
-0.11207775677801594,-0.7386192560227691,-0.46508427634374117,-0.46618317148792077,-0.5563385795422586,-0.3709448379209555,0.0,1.0,0.0,0.0,1.0,0.0,0.0,1.0,0.0,0.0,1.0,0.0
-0.11207775677801594,4.541678010611509,-0.46508427634374117,-0.46618317148792077,-0.5563385795422586,-1.571457222465138,0.0,1.0,0.0,0.0,1.0,0.0,0.0,1.0,0.0,0.0,1.0,1.0
-0.8798074793728043,-0.5160069486331199,-0.46508427634374117,0.7277823612437324,0.07341192703021858,0.8295675466232271,1.0,0.0,0.0,0.0,1.0,0.0,0.0,0.0,1.0,0.0,0.0,0.0
0.11824116000042058,-0.11363817912669494,0.4783345406270387,0.7277823612437324,0.7031624336026958,-0.3709448379209555,1.0,0.0,0.0,0.0,1.0,0.0,0.0,0.0,1.0,0.0,0.0,0.0
-0.6494885625943678,-0.5378324782784772,-0.46508427634374117,-0.46618317148792077,-0.5563385795422586,0.8295675466232271,0.0,1.0,0.0,0.0,1.0,0.0,0.0,1.0,0.0,0.0,1.0,0.0
-0.2656237012969736,0.606478112514573,-0.46508427634374117,-0.46618317148792077,-0.5563385795422586,0.8295675466232271,0.0,1.0,0.0,0.0,1.0,0.0,0.0,1.0,0.0,0.0,1.0,0.0
-0.11207775677801594,4.678478630483108,-0.46508427634374117,-0.46618317148792077,-0.5563385795422586,-1.571457222465138,0.0,1.0,1.0,0.0,0.0,0.0,0.0,1.0,0.0,0.0,1.0,0.0
-0.11207775677801594,-0.5541010333201186,-0.46508427634374117,-0.46618317148792077,-0.5563385795422586,0.8295675466232271,0.0,1.0,0.0,1.0,0.0,0.0,0.0,1.0,0.0,0.0,1.0,0.0
0.11824116000042058,-0.3100608032940325,0.4783345406270387,-0.46618317148792077,0.07341192703021858,0.8295675466232271,1.0,0.0,0.0,0.0,1.0,0.0,0.0,0.0,1.0,0.0,0.0,0.0
2.0375654664873917,0.10659324797001692,-0.46508427634374117,-0.46618317148792077,-0.5563385795422586,-1.571457222465138,0.0,1.0,1.0,0.0,0.0,0.0,0.0,0.0,0.0,1.0,1.0,1.0
-0.6494885625943678,-0.504697767241667,0.4783345406270387,-0.46618317148792077,0.07341192703021858,0.8295675466232271,1.0,0.0,0.0,0.0,1.0,0.0,1.0,0.0,0.0,0.0,0.0,0.0
-0.11207775677801594,0.9172829877152103,7.082266259422497,1.9217478939753856,5.741166486182514,0.8295675466232271,0.0,1.0,0.0,0.0,1.0,0.0,0.0,1.0,0.0,0.0,0.0,0.0
2.0375654664873917,-0.10649553824788265,-0.46508427634374117,-0.46618317148792077,-0.5563385795422586,-1.571457222465138,0.0,1.0,0.0,0.0,1.0,0.0,0.0,1.0,0.0,0.0,1.0,0.0
-0.6494885625943678,-0.5529105931736499,-0.46508427634374117,-0.46618317148792077,-0.5563385795422586,0.8295675466232271,0.0,1.0,0.0,0.0,1.0,0.0,0.0,1.0,0.0,0.0,1.0,0.0
0.27178710451937826,1.4041730076209138,0.4783345406270387,-0.46618317148792077,0.07341192703021858,-1.571457222465138,1.0,0.0,0.0,1.0,0.0,0.0,1.0,0.0,0.0,0.0,0.0,1.0
-0.6494885625943678,-0.5544986403290392,-0.46508427634374117,-0.46618317148792077,-0.5563385795422586,0.8295675466232271,0.0,1.0,0.0,1.0,0.0,0.0,0.0,1.0,0.0,0.0,1.0,0.0
-0.11207775677801594,-0.5660054347848058,-0.46508427634374117,-0.46618317148792077,-0.5563385795422586,0.8295675466232271,0.0,1.0,0.0,0.0,1.0,0.0,0.0,1.0,0.0,0.0,1.0,0.0
1.0395168271141666,-0.5850524771283052,-0.46508427634374117,-0.46618317148792077,-0.5563385795422586,0.8295675466232271,0.0,1.0,0.0,0.0,1.0,0.0,0.0,1.0,0.0,0.0,1.0,0.0
-0.11207775677801594,-0.1322876144612738,2.3651721745685985,0.7277823612437324,1.9626634467476503,0.8295675466232271,1.0,0.0,0.0,0.0,1.0,0.0,1.0,0.0,0.0,0.0,0.0,0.0
0.04146818774094174,-0.35529752885984356,0.4783345406270387,-0.46618317148792077,0.07341192703021858,0.8295675466232271,0.0,1.0,0.0,0.0,1.0,0.0,0.0,1.0,0.0,0.0,0.0,0.0
0.19501413225989941,1.0777947944241728,-0.46508427634374117,-0.46618317148792077,-0.5563385795422586,-1.571457222465138,1.0,0.0,1.0,0.0,0.0,0.0,1.0,0.0,0.0,0.0,1.0,1.0
-0.11207775677801594,1.147037935983672,-0.46508427634374117,-0.46618317148792077,-0.5563385795422586,-1.571457222465138,1.0,0.0,1.0,0.0,0.0,0.0,0.0,0.0,1.0,0.0,1.0,0.0
-0.8030345071133255,-0.4886268252643394,-0.46508427634374117,-0.46618317148792077,-0.5563385795422586,-0.3709448379209555,0.0,1.0,0.0,0.0,1.0,0.0,0.0,1.0,0.0,0.0,1.0,0.0
-0.4191696458159313,-0.5506297098530158,-0.46508427634374117,-0.46618317148792077,-0.5563385795422586,0.8295675466232271,0.0,1.0,0.0,0.0,1.0,0.0,0.0,1.0,0.0,0.0,1.0,0.0
1.1930627716331244,-0.4172004164762167,-0.46508427634374117,-0.46618317148792077,-0.5563385795422586,-0.3709448379209555,1.0,0.0,0.0,0.0,1.0,0.0,0.0,0.0,1.0,0.0,1.0,0.0
-0.4959426180754101,-0.5506297098530158,-0.46508427634374117,-0.46618317148792077,-0.5563385795422586,0.8295675466232271,0.0,1.0,0.0,0.0,1.0,0.0,0.0,1.0,0.0,0.0,1.0,0.0
0.9627438548546878,-0.538525314443722,-0.46508427634374117,0.7277823612437324,0.07341192703021858,0.8295675466232271,0.0,1.0,0.0,0.0,1.0,0.0,0.0,1.0,0.0,0.0,0.0,0.0
0.7324249380762513,1.241280320619014,0.4783345406270387,0.7277823612437324,0.7031624336026958,-1.571457222465138,1.0,0.0,1.0,0.0,0.0,0.0,1.0,0.0,0.0,0.0,0.0,1.0
-1.033353423891762,-0.5469583924413064,-0.46508427634374117,-0.46618317148792077,-0.5563385795422586,0.8295675466232271,0.0,1.0,0.0,0.0,1.0,0.0,0.0,1.0,0.0,0.0,1.0,0.0
-0.11207775677801594,-0.5506297098530158,-0.46508427634374117,-0.46618317148792077,-0.5563385795422586,0.8295675466232271,0.0,1.0,0.0,0.0,1.0,0.0,0.0,1.0,0.0,0.0,1.0,0.0
2.8052951890821802,-0.4886268252643394,-0.46508427634374117,-0.46618317148792077,-0.5563385795422586,-0.3709448379209555,0.0,1.0,0.0,0.0,1.0,0.0,0.0,1.0,0.0,0.0,1.0,0.0
-0.11207775677801594,-0.10649553824788265,-0.46508427634374117,-0.46618317148792077,-0.5563385795422586,-1.571457222465138,0.0,1.0,0.0,0.0,1.0,0.0,0.0,1.0,0.0,0.0,1.0,1.0
1.6537006051899974,-0.44041399933235653,-0.46508427634374117,-0.46618317148792077,-0.5563385795422586,-0.3709448379209555,0.0,1.0,0.0,0.0,1.0,0.0,0.0,0.0,0.0,1.0,1.0,0.0
1.346608716152082,-0.3814872120821553,-0.46508427634374117,-0.46618317148792077,-0.5563385795422586,-0.3709448379209555,0.0,1.0,0.0,0.0,1.0,0.0,0.0,1.0,0.0,0.0,1.0,0.0
-0.8798074793728043,-0.5469583924413064,-0.46508427634374117,-0.46618317148792077,-0.5563385795422586,0.8295675466232271,0.0,1.0,0.0,0.0,1.0,0.0,0.0,1.0,0.0,0.0,1.0,0.0
0.5021060212978148,-0.4291048179409038,-0.46508427634374117,-0.46618317148792077,-0.5563385795422586,-0.3709448379209555,0.0,1.0,0.0,0.0,1.0,0.0,0.0,1.0,0.0,0.0,1.0,0.0
0.04146818774094174,-0.4291048179409038,-0.46508427634374117,-0.46618317148792077,-0.5563385795422586,-0.3709448379209555,1.0,0.0,0.0,0.0,1.0,0.0,1.0,0.0,0.0,0.0,1.0,0.0
-0.572715590334889,-0.04816397107091573,0.4783345406270387,0.7277823612437324,0.7031624336026958,-0.3709448379209555,1.0,0.0,0.0,0.0,1.0,0.0,0.0,0.0,1.0,0.0,0.0,0.0
-0.11207775677801594,-0.5541010333201186,-0.46508427634374117,-0.46618317148792077,-0.5563385795422586,0.8295675466232271,1.0,0.0,0.0,1.0,0.0,0.0,1.0,0.0,0.0,0.0,1.0,0.0
-0.3423966735564525,-0.4291048179409038,-0.46508427634374117,-0.46618317148792077,-0.5563385795422586,-0.3709448379209555,0.0,1.0,0.0,0.0,1.0,0.0,0.0,1.0,0.0,0.0,1.0,0.0
-0.11207775677801594,-0.5665006578857368,-0.46508427634374117,-0.46618317148792077,-0.5563385795422586,0.8295675466232271,0.0,1.0,1.0,0.0,0.0,0.0,0.0,1.0,0.0,0.0,1.0,0.0
0.19501413225989941,-0.4291048179409038,-0.46508427634374117,-0.46618317148792077,-0.5563385795422586,-0.3709448379209555,1.0,0.0,0.0,0.0,1.0,0.0,0.0,0.0,1.0,0.0,1.0,0.0
-0.11207775677801594,-0.5535058132468842,-0.46508427634374117,-0.46618317148792077,-0.5563385795422586,0.8295675466232271,0.0,1.0,0.0,0.0,1.0,0.0,0.0,1.0,0.0,0.0,1.0,0.0
-0.8030345071133255,-0.5516201560548779,0.4783345406270387,-0.46618317148792077,0.07341192703021858,0.8295675466232271,1.0,0.0,0.0,0.0,1.0,0.0,1.0,0.0,0.0,0.0,0.0,0.0
1.7304735774494762,-0.012450766676854352,-0.46508427634374117,-0.46618317148792077,-0.5563385795422586,-1.571457222465138,0.0,1.0,0.0,0.0,1.0,0.0,0.0,0.0,0.0,1.0,1.0,1.0
3.189160050379574,0.08645576245235224,-0.46508427634374117,-0.46618317148792077,-0.5563385795422586,-1.571457222465138,0.0,1.0,1.0,0.0,0.0,0.0,0.0,1.0,0.0,0.0,1.0,1.0
0.19501413225989941,-0.5499344928074781,-0.46508427634374117,-0.46618317148792077,-0.5563385795422586,0.8295675466232271,0.0,1.0,0.0,0.0,1.0,0.0,0.0,1.0,0.0,0.0,1.0,0.0
-0.8030345071133255,-0.556481913613056,-0.46508427634374117,-0.46618317148792077,-0.5563385795422586,0.8295675466232271,0.0,1.0,0.0,0.0,1.0,0.0,0.0,1.0,0.0,0.0,1.0,1.0
-0.11207775677801594,-0.36958281061746817,0.4783345406270387,-0.46618317148792077,0.07341192703021858,0.8295675466232271,0.0,1.0,0.0,1.0,0.0,0.0,0.0,1.0,0.0,0.0,0.0,0.0
-0.572715590334889,-0.5044001572050498,-0.46508427634374117,-0.46618317148792077,-0.5563385795422586,0.8295675466232271,1.0,0.0,0.0,0.0,1.0,0.0,1.0,0.0,0.0,0.0,1.0,0.0
1.5769276329305186,0.5922928277292516,0.4783345406270387,-0.46618317148792077,0.07341192703021858,-1.571457222465138,0.0,1.0,0.0,0.0,1.0,0.0,0.0,1.0,0.0,0.0,0.0,1.0
-1.9546290910055082,-0.07435365429322745,2.3651721745685985,1.9217478939753856,2.592413953320128,0.8295675466232271,0.0,1.0,0.0,0.0,1.0,1.0,0.0,0.0,0.0,0.0,0.0,0.0
0.5021060212978148,2.1184370955021414,0.4783345406270387,1.9217478939753856,1.3329129401751731,-1.571457222465138,1.0,0.0,0.0,0.0,1.0,0.0,0.0,0.0,1.0,0.0,0.0,1.0
-0.8030345071133255,0.5256281795270038,0.4783345406270387,-0.46618317148792077,0.07341192703021858,-1.571457222465138,0.0,1.0,0.0,0.0,1.0,0.0,0.0,1.0,0.0,0.0,0.0,1.0
0.04146818774094174,-0.0005463652121672249,-0.46508427634374117,-0.46618317148792077,-0.5563385795422586,-1.571457222465138,1.0,0.0,1.0,0.0,0.0,0.0,1.0,0.0,0.0,0.0,1.0,0.0
-0.11207775677801594,0.606478112514573,-0.46508427634374117,-0.46618317148792077,-0.5563385795422586,0.8295675466232271,0.0,1.0,0.0,0.0,1.0,0.0,0.0,1.0,0.0,0.0,1.0,0.0
0.04146818774094174,-0.5660054347848058,-0.46508427634374117,-0.46618317148792077,-0.5563385795422586,0.8295675466232271,0.0,1.0,0.0,0.0,1.0,0.0,0.0,1.0,0.0,0.0,1.0,0.0
-0.6494885625943678,-0.5469583924413064,-0.46508427634374117,-0.46618317148792077,-0.5563385795422586,0.8295675466232271,0.0,1.0,0.0,0.0,1.0,0.0,0.0,1.0,0.0,0.0,1.0,0.0
0.04146818774094174,-0.167207985717787,0.4783345406270387,-0.46618317148792077,0.07341192703021858,-0.3709448379209555,0.0,1.0,1.0,0.0,0.0,0.0,0.0,1.0,0.0,0.0,0.0,0.0
-0.8798074793728043,-0.19101678864716126,-0.46508427634374117,0.7277823612437324,0.07341192703021858,-0.3709448379209555,1.0,0.0,0.0,0.0,1.0,0.0,1.0,0.0,0.0,0.0,0.0,0.0
-0.8030345071133255,-0.7386192560227691,-0.46508427634374117,-0.46618317148792077,-0.5563385795422586,0.8295675466232271,0.0,1.0,0.0,0.0,1.0,0.0,0.0,1.0,0.0,0.0,1.0,0.0
0.6556519658167724,4.678478630483108,-0.46508427634374117,-0.46618317148792077,-0.5563385795422586,-1.571457222465138,1.0,0.0,1.0,0.0,0.0,0.0,1.0,0.0,0.0,0.0,1.0,1.0
-1.4939912574486351,-0.07435365429322745,2.3651721745685985,1.9217478939753856,2.592413953320128,0.8295675466232271,0.0,1.0,0.0,0.0,1.0,1.0,0.0,0.0,0.0,0.0,0.0,0.0
-0.11207775677801594,-0.7386192560227691,-0.46508427634374117,-0.46618317148792077,-0.5563385795422586,-0.3709448379209555,0.0,1.0,0.0,0.0,1.0,0.0,0.0,1.0,0.0,0.0,1.0,0.0
-0.0353047845185371,-0.4895196553741909,0.4783345406270387,0.7277823612437324,0.7031624336026958,0.8295675466232271,1.0,0.0,0.0,0.0,1.0,0.0,0.0,0.0,1.0,0.0,0.0,1.0
-0.11207775677801594,-0.5645173846017199,-0.46508427634374117,-0.46618317148792077,-0.5563385795422586,0.8295675466232271,0.0,1.0,0.0,0.0,1.0,0.0,0.0,1.0,0.0,0.0,1.0,0.0
-0.11207775677801594,-0.3612497295921872,0.4783345406270387,-0.46618317148792077,0.07341192703021858,0.8295675466232271,0.0,1.0,0.0,0.0,1.0,0.0,0.0,1.0,0.0,0.0,0.0,0.0
0.7324249380762513,0.006001055593410661,0.4783345406270387,5.503644492170345,3.222164459892605,0.8295675466232271,1.0,0.0,0.0,0.0,1.0,0.0,0.0,0.0,1.0,0.0,0.0,0.0
-2.1081750355244657,-0.4895196553741909,-0.46508427634374117,0.7277823612437324,0.07341192703021858,0.8295675466232271,1.0,0.0,0.0,0.0,1.0,0.0,1.0,0.0,0.0,0.0,0.0,1.0
0.04146818774094174,-0.4886268252643394,-0.46508427634374117,-0.46618317148792077,-0.5563385795422586,-0.3709448379209555,0.0,1.0,0.0,0.0,1.0,0.0,0.0,1.0,0.0,0.0,1.0,0.0
-0.3423966735564525,-0.5666006548580401,-0.46508427634374117,-0.46618317148792077,-0.5563385795422586,0.8295675466232271,0.0,1.0,1.0,0.0,0.0,0.0,0.0,1.0,0.0,0.0,1.0,0.0
-1.1868993684107196,0.20629261023677162,3.3085909915393783,0.7277823612437324,2.592413953320128,0.8295675466232271,0.0,1.0,0.0,0.0,1.0,0.0,0.0,1.0,0.0,0.0,0.0,0.0
0.42533304903833596,0.4994384963046921,0.4783345406270387,-0.46618317148792077,0.07341192703021858,-1.571457222465138,1.0,0.0,0.0,0.0,1.0,0.0,0.0,0.0,1.0,0.0,0.0,0.0
-0.9565804516322832,1.9013793818359153,-0.46508427634374117,1.9217478939753856,0.7031624336026958,-1.571457222465138,0.0,1.0,1.0,0.0,0.0,0.0,0.0,1.0,0.0,0.0,0.0,1.0
-0.11207775677801594,-0.554696253393353,-0.46508427634374117,-0.46618317148792077,-0.5563385795422586,0.8295675466232271,0.0,1.0,0.0,1.0,0.0,0.0,0.0,1.0,0.0,0.0,1.0,0.0
-0.8798074793728043,-0.5779098362494929,-0.46508427634374117,-0.46618317148792077,-0.5563385795422586,0.8295675466232271,1.0,0.0,0.0,1.0,0.0,0.0,1.0,0.0,0.0,0.0,1.0,0.0
-0.4959426180754101,-0.5588627939059935,-0.46508427634374117,-0.46618317148792077,-0.5563385795422586,0.8295675466232271,1.0,0.0,0.0,0.0,1.0,0.0,1.0,0.0,0.0,0.0,1.0,0.0
1.5769276329305186,-0.5469583924413064,-0.46508427634374117,-0.46618317148792077,-0.5563385795422586,0.8295675466232271,0.0,1.0,0.0,0.0,1.0,0.0,0.0,1.0,0.0,0.0,1.0,0.0
-0.6494885625943678,5.189920764145649,1.4217533575978185,1.9217478939753856,1.9626634467476503,-1.571457222465138,1.0,0.0,1.0,0.0,0.0,0.0,1.0,0.0,0.0,0.0,0.0,1.0
2.191111411006349,2.74986559623149,-0.46508427634374117,-0.46618317148792077,-0.5563385795422586,-1.571457222465138,1.0,0.0,1.0,0.0,0.0,0.0,1.0,0.0,0.0,0.0,1.0,1.0
-2.031402063264987,0.25133172273826887,0.4783345406270387,1.9217478939753856,1.3329129401751731,-0.3709448379209555,1.0,0.0,1.0,0.0,0.0,0.0,1.0,0.0,0.0,0.0,0.0,0.0
-1.2636723406701986,-0.2743475988999711,-0.46508427634374117,0.7277823612437324,0.07341192703021858,-0.3709448379209555,1.0,0.0,0.0,0.0,1.0,0.0,1.0,0.0,0.0,0.0,0.0,0.0
2.1143384387468704,-0.4445805398449971,-0.46508427634374117,-0.46618317148792077,-0.5563385795422586,-0.3709448379209555,0.0,1.0,0.0,1.0,0.0,0.0,0.0,0.0,0.0,1.0,1.0,0.0
-1.033353423891762,-0.11959037985903849,-0.46508427634374117,-0.46618317148792077,-0.5563385795422586,-0.3709448379209555,0.0,1.0,0.0,0.0,1.0,0.0,0.0,1.0,0.0,0.0,1.0,0.0
-0.11207775677801594,-0.5541010333201186,-0.46508427634374117,-0.46618317148792077,-0.5563385795422586,0.8295675466232271,1.0,0.0,0.0,1.0,0.0,0.0,1.0,0.0,0.0,0.0,1.0,0.0
2.344657355525307,0.18992405822282682,0.4783345406270387,0.7277823612437324,0.7031624336026958,-0.3709448379209555,0.0,1.0,0.0,0.0,1.0,0.0,0.0,1.0,0.0,0.0,0.0,0.0
-0.572715590334889,2.4906472543379277,-0.46508427634374117,-0.46618317148792077,-0.5563385795422586,-1.571457222465138,0.0,1.0,1.0,0.0,0.0,0.0,0.0,1.0,0.0,0.0,1.0,0.0
0.04146818774094174,-0.4291048179409038,-0.46508427634374117,-0.46618317148792077,-0.5563385795422586,-0.3709448379209555,0.0,1.0,0.0,0.0,1.0,0.0,0.0,1.0,0.0,0.0,1.0,0.0
-0.9565804516322832,-0.5323755006470646,-0.46508427634374117,-0.46618317148792077,-0.5563385795422586,0.8295675466232271,0.0,1.0,0.0,0.0,1.0,0.0,0.0,1.0,0.0,0.0,1.0,0.0
-0.3423966735564525,-0.5506297098530158,-0.46508427634374117,-0.46618317148792077,-0.5563385795422586,0.8295675466232271,0.0,1.0,0.0,0.0,1.0,0.0,0.0,1.0,0.0,0.0,1.0,0.0
-0.18885072903749478,-0.5323755006470646,-0.46508427634374117,-0.46618317148792077,-0.5563385795422586,0.8295675466232271,0.0,1.0,0.0,0.0,1.0,0.0,0.0,1.0,0.0,0.0,1.0,0.0
0.5021060212978148,-0.7386192560227691,-0.46508427634374117,-0.46618317148792077,-0.5563385795422586,0.8295675466232271,0.0,1.0,0.0,0.0,1.0,0.0,0.0,1.0,0.0,0.0,1.0,0.0
-0.11207775677801594,-0.5469583924413064,-0.46508427634374117,-0.46618317148792077,-0.5563385795422586,0.8295675466232271,1.0,0.0,0.0,0.0,1.0,0.0,0.0,0.0,1.0,0.0,1.0,0.0
-0.11207775677801594,-0.5665006578857368,-0.46508427634374117,-0.46618317148792077,-0.5563385795422586,0.8295675466232271,1.0,0.0,1.0,0.0,0.0,0.0,0.0,0.0,1.0,0.0,1.0,0.0
-0.0353047845185371,-0.5128332352026342,-0.46508427634374117,-0.46618317148792077,-0.5563385795422586,0.8295675466232271,0.0,1.0,0.0,0.0,1.0,0.0,0.0,1.0,0.0,0.0,1.0,0.0
0.04146818774094174,1.795232595735886,-0.46508427634374117,-0.46618317148792077,-0.5563385795422586,-1.571457222465138,1.0,0.0,1.0,0.0,0.0,0.0,1.0,0.0,0.0,0.0,1.0,0.0
-0.11207775677801594,-0.5469583924413064,-0.46508427634374117,-0.46618317148792077,-0.5563385795422586,0.8295675466232271,0.0,1.0,0.0,0.0,1.0,0.0,0.0,1.0,0.0,0.0,1.0,0.0
1.6537006051899974,0.722746020739879,-0.46508427634374117,0.7277823612437324,0.07341192703021858,-1.571457222465138,0.0,1.0,1.0,0.0,0.0,0.0,0.0,1.0,0.0,0.0,0.0,0.0
-1.033353423891762,-0.5544986403290392,-0.46508427634374117,-0.46618317148792077,-0.5563385795422586,0.8295675466232271,1.0,0.0,0.0,1.0,0.0,0.0,1.0,0.0,0.0,0.0,1.0,0.0
-0.11207775677801594,-0.5541010333201186,-0.46508427634374117,-0.46618317148792077,-0.5563385795422586,0.8295675466232271,1.0,0.0,0.0,1.0,0.0,0.0,1.0,0.0,0.0,0.0,1.0,0.0
-2.1849480077839445,-0.3638282229494384,-0.46508427634374117,1.9217478939753856,0.7031624336026958,0.8295675466232271,1.0,0.0,1.0,0.0,0.0,0.0,1.0,0.0,0.0,0.0,0.0,0.0
-0.572715590334889,-0.5530105901459533,-0.46508427634374117,-0.46618317148792077,-0.5563385795422586,0.8295675466232271,0.0,1.0,0.0,0.0,1.0,0.0,0.0,1.0,0.0,0.0,1.0,0.0
-0.11207775677801594,-0.20629489748694071,0.4783345406270387,0.7277823612437324,0.7031624336026958,0.8295675466232271,1.0,0.0,1.0,0.0,0.0,0.0,1.0,0.0,0.0,0.0,0.0,1.0
-1.7243101742270717,-0.04518787070474395,3.3085909915393783,0.7277823612437324,2.592413953320128,0.8295675466232271,0.0,1.0,0.0,1.0,0.0,1.0,0.0,0.0,0.0,0.0,0.0,0.0
-0.11207775677801594,-0.012450766676854352,-0.46508427634374117,-0.46618317148792077,-0.5563385795422586,-1.571457222465138,0.0,1.0,0.0,0.0,1.0,0.0,0.0,1.0,0.0,0.0,1.0,1.0
-0.11207775677801594,-0.5541010333201186,0.4783345406270387,-0.46618317148792077,0.07341192703021858,0.8295675466232271,0.0,1.0,0.0,1.0,0.0,0.0,0.0,1.0,0.0,0.0,0.0,0.0
0.27178710451937826,0.5256281795270038,0.4783345406270387,-0.46618317148792077,0.07341192703021858,-1.571457222465138,1.0,0.0,0.0,0.0,1.0,0.0,0.0,0.0,1.0,0.0,0.0,1.0
-1.7243101742270717,0.20629261023677162,3.3085909915393783,0.7277823612437324,2.592413953320128,0.8295675466232271,0.0,1.0,0.0,0.0,1.0,1.0,0.0,0.0,0.0,0.0,0.0,0.0
0.19501413225989941,-0.5541010333201186,-0.46508427634374117,-0.46618317148792077,-0.5563385795422586,0.8295675466232271,0.0,1.0,0.0,1.0,0.0,0.0,0.0,1.0,0.0,0.0,1.0,0.0
1.5769276329305186,-0.4291048179409038,-0.46508427634374117,-0.46618317148792077,-0.5563385795422586,-0.3709448379209555,0.0,1.0,0.0,0.0,1.0,0.0,0.0,1.0,0.0,0.0,1.0,0.0
2.267884383265828,-0.4172004164762167,-0.46508427634374117,-0.46618317148792077,-0.5563385795422586,-0.3709448379209555,0.0,1.0,0.0,0.0,1.0,0.0,0.0,1.0,0.0,0.0,1.0,0.0
-0.11207775677801594,1.217769127726257,0.4783345406270387,-0.46618317148792077,0.07341192703021858,-1.571457222465138,0.0,1.0,1.0,0.0,0.0,0.0,0.0,1.0,0.0,0.0,0.0,0.0
-0.11207775677801594,-0.5469583924413064,-0.46508427634374117,-0.46618317148792077,-0.5563385795422586,0.8295675466232271,0.0,1.0,0.0,0.0,1.0,0.0,0.0,1.0,0.0,0.0,1.0,0.0
2.344657355525307,-0.10649553824788265,-0.46508427634374117,-0.46618317148792077,-0.5563385795422586,-1.571457222465138,0.0,1.0,0.0,0.0,1.0,0.0,0.0,0.0,0.0,1.0,1.0,0.0
-0.9565804516322832,-0.39438444062899736,-0.46508427634374117,-0.46618317148792077,-0.5563385795422586,0.8295675466232271,1.0,0.0,1.0,0.0,0.0,0.0,1.0,0.0,0.0,0.0,1.0,0.0
0.23340061838963885,-0.02266950489414182,0.4783345406270387,-0.46618317148792077,0.07341192703021858,-0.3709448379209555,0.0,1.0,1.0,0.0,0.0,0.0,0.0,1.0,0.0,0.0,0.0,0.0
-0.6494885625943678,1.1174745453862678,-0.46508427634374117,-0.46618317148792077,-0.5563385795422586,-1.571457222465138,1.0,0.0,0.0,0.0,1.0,0.0,1.0,0.0,0.0,0.0,1.0,1.0
-2.031402063264987,0.008679545922965281,3.3085909915393783,1.9217478939753856,3.222164459892605,0.8295675466232271,0.0,1.0,0.0,0.0,1.0,1.0,0.0,0.0,0.0,0.0,0.0,0.0
-0.8030345071133255,-0.4886268252643394,-0.46508427634374117,-0.46618317148792077,-0.5563385795422586,-0.3709448379209555,0.0,1.0,0.0,0.0,1.0,0.0,0.0,1.0,0.0,0.0,1.0,0.0
-0.4191696458159313,-0.29220420109700185,1.4217533575978185,3.1157134267070385,2.592413953320128,-0.3709448379209555,1.0,0.0,0.0,0.0,1.0,0.0,0.0,0.0,1.0,0.0,0.0,0.0
-0.8798074793728043,1.1577518973018905,-0.46508427634374117,1.9217478939753856,0.7031624336026958,-1.571457222465138,1.0,0.0,0.0,0.0,1.0,0.0,1.0,0.0,0.0,0.0,0.0,1.0
1.5001546606710396,-0.12127604310643815,-0.46508427634374117,-0.46618317148792077,-0.5563385795422586,-1.571457222465138,1.0,0.0,0.0,0.0,1.0,0.0,0.0,0.0,0.0,1.0,1.0,1.0
0.885970882595209,-0.25738382681279204,-0.46508427634374117,1.9217478939753856,0.7031624336026958,0.8295675466232271,1.0,0.0,0.0,0.0,1.0,0.0,0.0,0.0,1.0,0.0,0.0,0.0
0.04146818774094174,-0.5124356281937137,-0.46508427634374117,-0.46618317148792077,-0.5563385795422586,0.8295675466232271,0.0,1.0,0.0,0.0,1.0,0.0,0.0,1.0,0.0,0.0,1.0,0.0
2.267884383265828,-0.5660054347848058,-0.46508427634374117,-0.46618317148792077,-0.5563385795422586,0.8295675466232271,0.0,1.0,0.0,0.0,1.0,0.0,0.0,1.0,0.0,0.0,1.0,0.0
-1.9546290910055082,-0.4191836897602335,-0.46508427634374117,0.7277823612437324,0.07341192703021858,0.8295675466232271,1.0,0.0,1.0,0.0,0.0,0.0,1.0,0.0,0.0,0.0,0.0,0.0
-0.11207775677801594,-0.3756350083221151,-0.46508427634374117,1.9217478939753856,0.7031624336026958,0.8295675466232271,1.0,0.0,1.0,0.0,0.0,0.0,0.0,0.0,1.0,0.0,0.0,0.0
1.6537006051899974,-0.5541010333201186,-0.46508427634374117,-0.46618317148792077,-0.5563385795422586,0.8295675466232271,0.0,1.0,0.0,0.0,1.0,0.0,0.0,1.0,0.0,0.0,1.0,0.0
1.1930627716331244,-0.11363817912669494,0.4783345406270387,0.7277823612437324,0.7031624336026958,-0.3709448379209555,1.0,0.0,0.0,0.0,1.0,0.0,0.0,0.0,1.0,0.0,0.0,0.0
-0.8798074793728043,-0.25738382681279204,0.4783345406270387,0.7277823612437324,0.7031624336026958,0.8295675466232271,0.0,1.0,0.0,0.0,1.0,0.0,0.0,1.0,0.0,0.0,0.0,0.0
-0.11207775677801594,0.9172829877152103,7.082266259422497,1.9217478939753856,5.741166486182514,0.8295675466232271,1.0,0.0,0.0,0.0,1.0,0.0,1.0,0.0,0.0,0.0,0.0,0.0
-0.11207775677801594,-0.36958281061746817,0.4783345406270387,-0.46618317148792077,0.07341192703021858,0.8295675466232271,1.0,0.0,0.0,1.0,0.0,0.0,1.0,0.0,0.0,0.0,0.0,0.0
-0.11207775677801594,0.04707124064658128,-0.46508427634374117,0.7277823612437324,0.07341192703021858,-0.3709448379209555,0.0,1.0,0.0,0.0,1.0,0.0,0.0,0.0,0.0,1.0,0.0,0.0
1.9991789803576523,-0.5469583924413064,-0.46508427634374117,-0.46618317148792077,-0.5563385795422586,0.8295675466232271,0.0,1.0,0.0,0.0,1.0,0.0,0.0,1.0,0.0,0.0,1.0,0.0
-0.4191696458159313,5.15455469209829,-0.46508427634374117,0.7277823612437324,0.07341192703021858,-1.571457222465138,0.0,1.0,1.0,0.0,0.0,0.0,0.0,1.0,0.0,0.0,0.0,1.0
-0.11207775677801594,-0.7386192560227691,-0.46508427634374117,-0.46618317148792077,-0.5563385795422586,-1.571457222465138,0.0,1.0,0.0,0.0,1.0,0.0,0.0,1.0,0.0,0.0,1.0,0.0
-0.11207775677801594,-0.35529752885984356,0.4783345406270387,-0.46618317148792077,0.07341192703021858,0.8295675466232271,1.0,0.0,0.0,0.0,1.0,0.0,0.0,0.0,1.0,0.0,0.0,0.0
-0.11207775677801594,-0.18030282732894287,0.4783345406270387,1.9217478939753856,1.3329129401751731,0.8295675466232271,0.0,1.0,0.0,0.0,1.0,0.0,0.0,1.0,0.0,0.0,0.0,0.0
-0.11207775677801594,0.9172829877152103,7.082266259422497,1.9217478939753856,5.741166486182514,0.8295675466232271,0.0,1.0,0.0,0.0,1.0,1.0,0.0,0.0,0.0,0.0,0.0,0.0
-0.0353047845185371,-0.11959037985903849,0.4783345406270387,-0.46618317148792077,0.07341192703021858,-0.3709448379209555,1.0,0.0,0.0,0.0,1.0,0.0,0.0,0.0,1.0,0.0,0.0,0.0
2.191111411006349,2.9151391635263275,-0.46508427634374117,0.7277823612437324,0.07341192703021858,-1.571457222465138,1.0,0.0,0.0,0.0,1.0,0.0,0.0,0.0,1.0,0.0,0.0,1.0
-0.2656237012969736,-0.5499344928074781,-0.46508427634374117,-0.46618317148792077,-0.5563385795422586,0.8295675466232271,1.0,0.0,0.0,0.0,1.0,0.0,1.0,0.0,0.0,0.0,1.0,0.0
1.1162897993736456,0.6417960907800067,-0.46508427634374117,0.7277823612437324,0.07341192703021858,-1.571457222465138,1.0,0.0,1.0,0.0,0.0,0.0,0.0,0.0,1.0,0.0,0.0,1.0
-0.11207775677801594,-0.5666006548580401,-0.46508427634374117,-0.46618317148792077,-0.5563385795422586,0.8295675466232271,0.0,1.0,1.0,0.0,0.0,0.0,0.0,1.0,0.0,0.0,1.0,0.0
0.19501413225989941,-0.5395181415258768,-0.46508427634374117,-0.46618317148792077,-0.5563385795422586,0.8295675466232271,0.0,1.0,0.0,0.0,1.0,0.0,0.0,1.0,0.0,0.0,1.0,0.0
-0.2656237012969736,-0.4886268252643394,-0.46508427634374117,-0.46618317148792077,-0.5563385795422586,-0.3709448379209555,0.0,1.0,0.0,0.0,1.0,0.0,0.0,1.0,0.0,0.0,1.0,0.0
-1.033353423891762,-0.5469583924413064,-0.46508427634374117,-0.46618317148792077,-0.5563385795422586,0.8295675466232271,0.0,1.0,0.0,0.0,1.0,0.0,0.0,1.0,0.0,0.0,1.0,0.0
-0.8030345071133255,-0.5535058132468842,-0.46508427634374117,-0.46618317148792077,-0.5563385795422586,0.8295675466232271,0.0,1.0,0.0,0.0,1.0,0.0,0.0,1.0,0.0,0.0,1.0,0.0
-0.11207775677801594,-0.5506297098530158,-0.46508427634374117,-0.46618317148792077,-0.5563385795422586,0.8295675466232271,0.0,1.0,0.0,0.0,1.0,0.0,0.0,1.0,0.0,0.0,1.0,0.0
1.4233816884115609,-0.5516201560548779,-0.46508427634374117,-0.46618317148792077,-0.5563385795422586,0.8295675466232271,0.0,1.0,0.0,0.0,1.0,0.0,0.0,1.0,0.0,0.0,1.0,0.0
-0.11207775677801594,-0.5541010333201186,-0.46508427634374117,-0.46618317148792077,-0.5563385795422586,0.8295675466232271,0.0,1.0,0.0,1.0,0.0,0.0,0.0,1.0,0.0,0.0,1.0,0.0
-1.570764229708114,0.3780136013648834,4.252009808510158,1.9217478939753856,3.851914966465082,0.8295675466232271,0.0,1.0,0.0,0.0,1.0,1.0,0.0,0.0,0.0,0.0,0.0,0.0
0.42533304903833596,1.2488205685067466,0.4783345406270387,-0.46618317148792077,0.07341192703021858,-1.571457222465138,1.0,0.0,0.0,0.0,1.0,0.0,0.0,0.0,1.0,0.0,0.0,1.0
-1.3404453129296774,-0.4709678361316226,0.4783345406270387,-0.46618317148792077,0.07341192703021858,0.8295675466232271,0.0,1.0,1.0,0.0,0.0,1.0,0.0,0.0,0.0,0.0,0.0,0.0
0.11824116000042058,-0.5516201560548779,-0.46508427634374117,-0.46618317148792077,-0.5563385795422586,0.8295675466232271,1.0,0.0,0.0,0.0,1.0,0.0,1.0,0.0,0.0,0.0,1.0,0.0
-0.18885072903749478,-0.40866972238662186,0.4783345406270387,-0.46618317148792077,0.07341192703021858,-0.3709448379209555,1.0,0.0,1.0,0.0,0.0,0.0,1.0,0.0,0.0,0.0,0.0,0.0
1.0395168271141666,4.293073633063862,-0.46508427634374117,0.7277823612437324,0.07341192703021858,-1.571457222465138,1.0,0.0,0.0,0.0,1.0,0.0,0.0,0.0,1.0,0.0,0.0,1.0
0.07985467387068117,-0.5541010333201186,-0.46508427634374117,-0.46618317148792077,-0.5563385795422586,0.8295675466232271,1.0,0.0,0.0,1.0,0.0,0.0,1.0,0.0,0.0,0.0,1.0,0.0
0.3485600767788571,-0.5469583924413064,-0.46508427634374117,-0.46618317148792077,-0.5563385795422586,0.8295675466232271,0.0,1.0,0.0,0.0,1.0,0.0,0.0,1.0,0.0,0.0,1.0,0.0
-0.11207775677801594,-0.7386192560227691,-0.46508427634374117,-0.46618317148792077,-0.5563385795422586,-0.3709448379209555,0.0,1.0,0.0,0.0,1.0,0.0,0.0,1.0,0.0,0.0,1.0,0.0
-0.4959426180754101,-0.4291048179409038,-0.46508427634374117,-0.46618317148792077,-0.5563385795422586,-0.3709448379209555,0.0,1.0,0.0,0.0,1.0,0.0,0.0,1.0,0.0,0.0,1.0,0.0
-0.4191696458159313,-0.34101224710221906,-0.46508427634374117,1.9217478939753856,0.7031624336026958,0.8295675466232271,1.0,0.0,0.0,0.0,1.0,0.0,0.0,0.0,1.0,0.0,0.0,1.0
0.7324249380762513,-0.11959037985903849,-0.46508427634374117,-0.46618317148792077,-0.5563385795422586,-0.3709448379209555,0.0,1.0,0.0,0.0,1.0,0.0,0.0,1.0,0.0,0.0,1.0,0.0
-0.4191696458159313,-0.4291048179409038,-0.46508427634374117,-0.46618317148792077,-0.5563385795422586,-0.3709448379209555,1.0,0.0,0.0,0.0,1.0,0.0,1.0,0.0,0.0,0.0,1.0,1.0
-0.11207775677801594,-0.5522153761281122,-0.46508427634374117,-0.46618317148792077,-0.5563385795422586,0.8295675466232271,0.0,1.0,0.0,1.0,0.0,0.0,0.0,1.0,0.0,0.0,1.0,0.0
-2.2041412508488145,-0.28010218656800095,1.4217533575978185,0.7277823612437324,1.3329129401751731,0.8295675466232271,1.0,0.0,1.0,0.0,0.0,0.0,1.0,0.0,0.0,0.0,0.0,0.0
0.3485600767788571,-0.4291048179409038,-0.46508427634374117,-0.46618317148792077,-0.5563385795422586,-0.3709448379209555,0.0,1.0,0.0,0.0,1.0,0.0,0.0,1.0,0.0,0.0,1.0,0.0
-0.4959426180754101,-0.5189830489992917,-0.46508427634374117,-0.46618317148792077,-0.5563385795422586,0.8295675466232271,0.0,1.0,0.0,0.0,1.0,0.0,0.0,1.0,0.0,0.0,1.0,0.0
0.9627438548546878,-0.11959037985903849,0.4783345406270387,-0.46618317148792077,0.07341192703021858,-0.3709448379209555,1.0,0.0,0.0,0.0,1.0,0.0,0.0,0.0,1.0,0.0,0.0,0.0
-0.11207775677801594,-0.5372372582052429,-0.46508427634374117,-0.46618317148792077,-0.5563385795422586,0.8295675466232271,0.0,1.0,0.0,1.0,0.0,0.0,0.0,1.0,0.0,0.0,1.0,0.0
-0.572715590334889,-0.5469583924413064,-0.46508427634374117,-0.46618317148792077,-0.5563385795422586,0.8295675466232271,0.0,1.0,0.0,0.0,1.0,0.0,0.0,1.0,0.0,0.0,1.0,0.0
-2.197999413068056,-0.04816397107091573,-0.46508427634374117,1.9217478939753856,0.7031624336026958,-0.3709448379209555,0.0,1.0,0.0,0.0,1.0,1.0,0.0,0.0,0.0,0.0,0.0,0.0
-0.11207775677801594,-0.5588627939059935,-0.46508427634374117,-0.46618317148792077,-0.5563385795422586,0.8295675466232271,1.0,0.0,0.0,0.0,1.0,0.0,1.0,0.0,0.0,0.0,1.0,0.0
1.7304735774494762,-0.4172004164762167,-0.46508427634374117,-0.46618317148792077,-0.5563385795422586,-0.3709448379209555,0.0,1.0,0.0,0.0,1.0,0.0,0.0,1.0,0.0,0.0,1.0,0.0
-0.9565804516322832,-0.5706671983983773,0.4783345406270387,-0.46618317148792077,0.07341192703021858,0.8295675466232271,0.0,1.0,0.0,0.0,1.0,0.0,0.0,1.0,0.0,0.0,0.0,0.0
1.5001546606710396,1.3828450819567806,0.4783345406270387,-0.46618317148792077,0.07341192703021858,-1.571457222465138,0.0,1.0,1.0,0.0,0.0,0.0,0.0,1.0,0.0,0.0,0.0,1.0
1.1162897993736456,-0.5499344928074781,-0.46508427634374117,-0.46618317148792077,-0.5563385795422586,0.8295675466232271,0.0,1.0,0.0,0.0,1.0,0.0,0.0,1.0,0.0,0.0,1.0,0.0
-1.8010831464865504,-0.44160443947882533,-0.46508427634374117,0.7277823612437324,0.07341192703021858,0.8295675466232271,0.0,1.0,0.0,0.0,1.0,1.0,0.0,0.0,0.0,0.0,0.0,1.0
2.6517492445632223,-0.11959037985903849,-0.46508427634374117,-0.46618317148792077,-0.5563385795422586,-1.571457222465138,0.0,1.0,0.0,0.0,1.0,0.0,0.0,1.0,0.0,0.0,1.0,0.0
-0.8798074793728043,-0.5535058132468842,-0.46508427634374117,-0.46618317148792077,-0.5563385795422586,0.8295675466232271,1.0,0.0,0.0,0.0,1.0,0.0,1.0,0.0,0.0,0.0,1.0,0.0
-0.8030345071133255,-0.39339161354684243,-0.46508427634374117,-0.46618317148792077,-0.5563385795422586,0.8295675466232271,0.0,1.0,0.0,0.0,1.0,0.0,0.0,1.0,0.0,0.0,1.0,0.0
-0.2656237012969736,-0.24875313575089383,0.4783345406270387,1.9217478939753856,1.3329129401751731,0.8295675466232271,0.0,1.0,0.0,0.0,1.0,0.0,0.0,1.0,0.0,0.0,0.0,0.0
1.0395168271141666,-0.11363817912669494,0.4783345406270387,0.7277823612437324,0.7031624336026958,-0.3709448379209555,0.0,1.0,0.0,0.0,1.0,0.0,0.0,1.0,0.0,0.0,0.0,0.0
-0.11207775677801594,-0.1636366652783809,-0.46508427634374117,-0.46618317148792077,-0.5563385795422586,0.8295675466232271,0.0,1.0,0.0,1.0,0.0,0.0,0.0,1.0,0.0,0.0,1.0,0.0
-0.4959426180754101,-0.5499344928074781,-0.46508427634374117,-0.46618317148792077,-0.5563385795422586,0.8295675466232271,1.0,0.0,0.0,0.0,1.0,0.0,1.0,0.0,0.0,0.0,1.0,0.0
-1.033353423891762,0.20629261023677162,3.3085909915393783,0.7277823612437324,2.592413953320128,0.8295675466232271,0.0,1.0,0.0,0.0,1.0,0.0,0.0,1.0,0.0,0.0,0.0,0.0
0.5021060212978148,0.951805751962803,-0.46508427634374117,1.9217478939753856,0.7031624336026958,-1.571457222465138,1.0,0.0,0.0,0.0,1.0,0.0,1.0,0.0,0.0,0.0,0.0,1.0
-0.572715590334889,0.5708649050928148,-0.46508427634374117,0.7277823612437324,0.07341192703021858,-1.571457222465138,1.0,0.0,0.0,0.0,1.0,0.0,1.0,0.0,0.0,0.0,0.0,1.0
-0.8030345071133255,-0.5506297098530158,-0.46508427634374117,-0.46618317148792077,-0.5563385795422586,0.8295675466232271,0.0,1.0,0.0,0.0,1.0,0.0,0.0,1.0,0.0,0.0,1.0,0.0
-0.11207775677801594,-0.5510249359816435,-0.46508427634374117,-0.46618317148792077,-0.5563385795422586,0.8295675466232271,1.0,0.0,0.0,1.0,0.0,0.0,1.0,0.0,0.0,0.0,1.0,0.0
1.346608716152082,-0.5243400296584008,-0.46508427634374117,-0.46618317148792077,-0.5563385795422586,0.8295675466232271,0.0,1.0,0.0,0.0,1.0,0.0,0.0,1.0,0.0,0.0,1.0,0.0
0.8091979103357302,-0.3636306098851246,-0.46508427634374117,-0.46618317148792077,-0.5563385795422586,-0.3709448379209555,1.0,0.0,0.0,0.0,1.0,0.0,0.0,0.0,1.0,0.0,1.0,0.0
-0.7262615348538467,-0.504697767241667,0.4783345406270387,-0.46618317148792077,0.07341192703021858,0.8295675466232271,1.0,0.0,0.0,0.0,1.0,0.0,1.0,0.0,0.0,0.0,0.0,0.0
0.5021060212978148,-0.11959037985903849,0.4783345406270387,-0.46618317148792077,0.07341192703021858,-0.3709448379209555,1.0,0.0,0.0,0.0,1.0,0.0,0.0,0.0,1.0,0.0,0.0,0.0
-0.8798074793728043,-0.5516201560548779,0.4783345406270387,0.7277823612437324,0.7031624336026958,0.8295675466232271,0.0,1.0,0.0,0.0,1.0,0.0,0.0,1.0,0.0,0.0,0.0,0.0
-0.8798074793728043,-0.46481802233496516,-0.46508427634374117,-0.46618317148792077,-0.5563385795422586,-0.3709448379209555,0.0,1.0,0.0,0.0,1.0,0.0,0.0,1.0,0.0,0.0,1.0,0.0
0.19501413225989941,0.606478112514573,-0.46508427634374117,-0.46618317148792077,-0.5563385795422586,0.8295675466232271,0.0,1.0,0.0,0.0,1.0,0.0,0.0,1.0,0.0,0.0,1.0,0.0
0.27178710451937826,-0.5506297098530158,-0.46508427634374117,-0.46618317148792077,-0.5563385795422586,0.8295675466232271,0.0,1.0,1.0,0.0,0.0,0.0,0.0,1.0,0.0,0.0,1.0,0.0
0.42533304903833596,-0.10649553824788265,-0.46508427634374117,-0.46618317148792077,-0.5563385795422586,-1.571457222465138,0.0,1.0,1.0,0.0,0.0,0.0,0.0,1.0,0.0,0.0,1.0,0.0
2.6517492445632223,5.189920764145649,0.4783345406270387,4.309678959438692,2.592413953320128,-1.571457222465138,0.0,1.0,0.0,0.0,1.0,0.0,0.0,1.0,0.0,0.0,0.0,1.0
1.7304735774494762,1.1577518973018905,0.4783345406270387,0.7277823612437324,0.7031624336026958,-1.571457222465138,0.0,1.0,0.0,0.0,1.0,0.0,0.0,1.0,0.0,0.0,0.0,1.0
-0.4191696458159313,-0.28010218656800095,-0.46508427634374117,3.1157134267070385,1.3329129401751731,0.8295675466232271,1.0,0.0,1.0,0.0,0.0,0.0,0.0,0.0,1.0,0.0,0.0,0.0
2.421430327784786,-0.5901118477507972,-0.46508427634374117,-0.46618317148792077,-0.5563385795422586,0.8295675466232271,0.0,1.0,0.0,0.0,1.0,0.0,0.0,1.0,0.0,0.0,1.0,0.0
-0.4191696458159313,-0.4886268252643394,-0.46508427634374117,-0.46618317148792077,-0.5563385795422586,-0.3709448379209555,0.0,1.0,0.0,0.0,1.0,0.0,0.0,1.0,0.0,0.0,1.0,0.0
1.0395168271141666,-0.5469583924413064,-0.46508427634374117,-0.46618317148792077,-0.5563385795422586,0.8295675466232271,0.0,1.0,0.0,0.0,1.0,0.0,0.0,1.0,0.0,0.0,1.0,0.0
0.3485600767788571,-0.4886268252643394,-0.46508427634374117,-0.46618317148792077,-0.5563385795422586,-0.3709448379209555,1.0,0.0,0.0,0.0,1.0,0.0,0.0,0.0,1.0,0.0,1.0,1.0
2.5749762723037435,-0.5103523579373934,-0.46508427634374117,-0.46618317148792077,-0.5563385795422586,0.8295675466232271,1.0,0.0,0.0,0.0,1.0,0.0,0.0,0.0,1.0,0.0,1.0,0.0
-0.4191696458159313,0.9113307869828667,-0.46508427634374117,-0.46618317148792077,-0.5563385795422586,-1.571457222465138,1.0,0.0,1.0,0.0,0.0,0.0,1.0,0.0,0.0,0.0,1.0,1.0
0.6556519658167724,0.9585507858326947,0.4783345406270387,-0.46618317148792077,0.07341192703021858,-1.571457222465138,1.0,0.0,1.0,0.0,0.0,0.0,0.0,0.0,1.0,0.0,0.0,1.0
-0.6494885625943678,-0.5660054347848058,-0.46508427634374117,-0.46618317148792077,-0.5563385795422586,0.8295675466232271,0.0,1.0,0.0,0.0,1.0,0.0,0.0,1.0,0.0,0.0,1.0,0.0
1.1930627716331244,3.186659513893497,0.4783345406270387,0.7277823612437324,0.7031624336026958,-1.571457222465138,1.0,0.0,0.0,0.0,1.0,0.0,0.0,0.0,1.0,0.0,0.0,0.0
-1.033353423891762,0.07980834467447089,0.4783345406270387,3.1157134267070385,1.9626634467476503,0.8295675466232271,0.0,1.0,0.0,0.0,1.0,0.0,0.0,1.0,0.0,0.0,0.0,0.0
-0.7262615348538467,-0.5499344928074781,0.4783345406270387,-0.46618317148792077,0.07341192703021858,0.8295675466232271,0.0,1.0,0.0,0.0,1.0,0.0,0.0,1.0,0.0,0.0,0.0,0.0
-0.11207775677801594,-0.38029677193568656,-0.46508427634374117,-0.46618317148792077,-0.5563385795422586,-0.3709448379209555,0.0,1.0,1.0,0.0,0.0,0.0,0.0,1.0,0.0,0.0,1.0,0.0
0.885970882595209,0.20629261023677162,-0.46508427634374117,5.503644492170345,2.592413953320128,0.8295675466232271,1.0,0.0,0.0,0.0,1.0,0.0,0.0,0.0,1.0,0.0,0.0,0.0
0.04146818774094174,-0.4291048179409038,-0.46508427634374117,-0.46618317148792077,-0.5563385795422586,-0.3709448379209555,0.0,1.0,0.0,0.0,1.0,0.0,0.0,1.0,0.0,0.0,1.0,0.0
-0.0353047845185371,-0.5469583924413064,-0.46508427634374117,-0.46618317148792077,-0.5563385795422586,0.8295675466232271,0.0,1.0,0.0,0.0,1.0,0.0,0.0,1.0,0.0,0.0,1.0,0.0
-2.031402063264987,-0.2368487342862067,2.3651721745685985,0.7277823612437324,1.9626634467476503,0.8295675466232271,1.0,0.0,0.0,0.0,1.0,0.0,1.0,0.0,0.0,0.0,0.0,0.0
-2.031402063264987,-0.11959037985903849,0.4783345406270387,0.7277823612437324,0.7031624336026958,-0.3709448379209555,0.0,1.0,0.0,0.0,1.0,1.0,0.0,0.0,0.0,0.0,0.0,1.0
1.884019521968434,-0.11959037985903849,0.4783345406270387,-0.46618317148792077,0.07341192703021858,-0.3709448379209555,0.0,1.0,0.0,0.0,1.0,0.0,0.0,0.0,0.0,1.0,0.0,0.0
-0.11207775677801594,-0.5499344928074781,1.4217533575978185,-0.46618317148792077,0.7031624336026958,0.8295675466232271,0.0,1.0,0.0,0.0,1.0,0.0,0.0,1.0,0.0,0.0,0.0,0.0
0.5021060212978148,-0.5601532310247656,-0.46508427634374117,-0.46618317148792077,-0.5563385795422586,0.8295675466232271,0.0,1.0,0.0,0.0,1.0,0.0,0.0,1.0,0.0,0.0,1.0,0.0
1.4233816884115609,-0.10649553824788265,-0.46508427634374117,-0.46618317148792077,-0.5563385795422586,-1.571457222465138,0.0,1.0,0.0,0.0,1.0,0.0,0.0,1.0,0.0,0.0,1.0,1.0
0.11824116000042058,-0.5318802775461337,-0.46508427634374117,-0.46618317148792077,-0.5563385795422586,0.8295675466232271,1.0,0.0,0.0,0.0,1.0,0.0,0.0,0.0,1.0,0.0,1.0,0.0
-0.2656237012969736,-0.5506297098530158,-0.46508427634374117,-0.46618317148792077,-0.5563385795422586,0.8295675466232271,0.0,1.0,0.0,0.0,1.0,0.0,0.0,1.0,0.0,0.0,1.0,0.0
-0.11207775677801594,-0.1322876144612738,2.3651721745685985,0.7277823612437324,1.9626634467476503,0.8295675466232271,0.0,1.0,0.0,0.0,1.0,1.0,0.0,0.0,0.0,0.0,0.0,0.0
-2.229476331694442,-0.5358468241141674,-0.46508427634374117,0.7277823612437324,0.07341192703021858,0.8295675466232271,0.0,1.0,1.0,0.0,0.0,1.0,0.0,0.0,0.0,0.0,0.0,0.0
-0.3423966735564525,-0.5535058132468842,-0.46508427634374117,-0.46618317148792077,-0.5563385795422586,0.8295675466232271,1.0,0.0,0.0,0.0,1.0,0.0,1.0,0.0,0.0,0.0,1.0,0.0
-0.11207775677801594,0.4994384963046921,-0.46508427634374117,-0.46618317148792077,-0.5563385795422586,-1.571457222465138,0.0,1.0,0.0,0.0,1.0,0.0,0.0,1.0,0.0,0.0,1.0,1.0
0.6556519658167724,-0.5323755006470646,-0.46508427634374117,-0.46618317148792077,-0.5563385795422586,0.8295675466232271,0.0,1.0,0.0,0.0,1.0,0.0,0.0,1.0,0.0,0.0,1.0,0.0
-0.11207775677801594,-0.5469583924413064,-0.46508427634374117,-0.46618317148792077,-0.5563385795422586,0.8295675466232271,0.0,1.0,0.0,0.0,1.0,0.0,0.0,1.0,0.0,0.0,1.0,0.0
-0.11207775677801594,-0.3756350083221151,0.4783345406270387,0.7277823612437324,0.7031624336026958,0.8295675466232271,0.0,1.0,1.0,0.0,0.0,1.0,0.0,0.0,0.0,0.0,0.0,0.0
-1.1101263961512409,-0.5665006578857368,0.4783345406270387,0.7277823612437324,0.7031624336026958,0.8295675466232271,0.0,1.0,1.0,0.0,0.0,0.0,0.0,1.0,0.0,0.0,0.0,0.0
0.42533304903833596,-0.11959037985903849,-0.46508427634374117,-0.46618317148792077,-0.5563385795422586,-0.3709448379209555,0.0,1.0,0.0,0.0,1.0,0.0,0.0,1.0,0.0,0.0,1.0,0.0
-0.11207775677801594,-0.5535058132468842,-0.46508427634374117,-0.46618317148792077,-0.5563385795422586,0.8295675466232271,0.0,1.0,0.0,0.0,1.0,0.0,0.0,1.0,0.0,0.0,1.0,0.0
-0.4191696458159313,1.147037935983672,-0.46508427634374117,-0.46618317148792077,-0.5563385795422586,-1.571457222465138,0.0,1.0,1.0,0.0,0.0,0.0,0.0,1.0,0.0,0.0,1.0,1.0
0.5021060212978148,0.21670896151837285,-0.46508427634374117,-0.46618317148792077,-0.5563385795422586,-1.571457222465138,0.0,1.0,1.0,0.0,0.0,0.0,0.0,1.0,0.0,0.0,1.0,1.0
-0.572715590334889,-0.5535058132468842,-0.46508427634374117,-0.46618317148792077,-0.5563385795422586,0.8295675466232271,1.0,0.0,0.0,0.0,1.0,0.0,1.0,0.0,0.0,0.0,1.0,0.0
1.5769276329305186,2.4434272554881002,1.4217533575978185,-0.46618317148792077,0.7031624336026958,-1.571457222465138,0.0,1.0,0.0,0.0,1.0,0.0,0.0,0.0,0.0,1.0,0.0,0.0
-0.11207775677801594,-0.5541010333201186,-0.46508427634374117,-0.46618317148792077,-0.5563385795422586,0.8295675466232271,0.0,1.0,0.0,1.0,0.0,0.0,0.0,1.0,0.0,0.0,1.0,0.0
1.2314492577628637,-0.5666006548580401,-0.46508427634374117,-0.46618317148792077,-0.5563385795422586,0.8295675466232271,0.0,1.0,1.0,0.0,0.0,0.0,0.0,1.0,0.0,0.0,1.0,0.0
0.27178710451937826,-0.5535058132468842,-0.46508427634374117,-0.46618317148792077,-0.5563385795422586,0.8295675466232271,0.0,1.0,0.0,0.0,1.0,0.0,0.0,1.0,0.0,0.0,1.0,0.0
-0.8030345071133255,-0.5506297098530158,-0.46508427634374117,-0.46618317148792077,-0.5563385795422586,0.8295675466232271,0.0,1.0,0.0,0.0,1.0,0.0,0.0,1.0,0.0,0.0,1.0,0.0
-0.8798074793728043,-0.4291048179409038,-0.46508427634374117,-0.46618317148792077,-0.5563385795422586,-0.3709448379209555,0.0,1.0,0.0,0.0,1.0,0.0,0.0,1.0,0.0,0.0,1.0,0.0
-1.033353423891762,-0.5541010333201186,-0.46508427634374117,-0.46618317148792077,-0.5563385795422586,0.8295675466232271,1.0,0.0,0.0,1.0,0.0,0.0,1.0,0.0,0.0,0.0,1.0,0.0
-0.11207775677801594,-0.02435516814154148,-0.46508427634374117,-0.46618317148792077,-0.5563385795422586,-1.571457222465138,0.0,1.0,0.0,0.0,1.0,0.0,0.0,1.0,0.0,0.0,1.0,1.0
-0.11207775677801594,-0.03149780902035377,-0.46508427634374117,-0.46618317148792077,-0.5563385795422586,-1.571457222465138,0.0,1.0,1.0,0.0,0.0,0.0,0.0,1.0,0.0,0.0,1.0,1.0
1.4233816884115609,1.0882111457057742,0.4783345406270387,-0.46618317148792077,0.07341192703021858,-1.571457222465138,0.0,1.0,1.0,0.0,0.0,0.0,0.0,1.0,0.0,0.0,0.0,1.0
-0.572715590334889,-0.5506297098530158,-0.46508427634374117,-0.46618317148792077,-0.5563385795422586,0.8295675466232271,0.0,1.0,0.0,0.0,1.0,0.0,0.0,1.0,0.0,0.0,1.0,0.0
-0.0353047845185371,-0.02435516814154148,-0.46508427634374117,-0.46618317148792077,-0.5563385795422586,-1.571457222465138,0.0,1.0,0.0,0.0,1.0,0.0,0.0,1.0,0.0,0.0,1.0,1.0
-0.11207775677801594,-0.12137604007874155,-0.46508427634374117,-0.46618317148792077,-0.5563385795422586,-1.571457222465138,0.0,1.0,0.0,0.0,1.0,0.0,0.0,1.0,0.0,0.0,1.0,0.0
0.6556519658167724,2.9151391635263275,-0.46508427634374117,0.7277823612437324,0.07341192703021858,-1.571457222465138,0.0,1.0,0.0,0.0,1.0,0.0,0.0,1.0,0.0,0.0,0.0,1.0
1.1162897993736456,-0.5469583924413064,-0.46508427634374117,-0.46618317148792077,-0.5563385795422586,0.8295675466232271,0.0,1.0,0.0,0.0,1.0,0.0,0.0,1.0,0.0,0.0,1.0,0.0
-2.031402063264987,-0.29220420109700185,0.4783345406270387,0.7277823612437324,0.7031624336026958,-0.3709448379209555,0.0,1.0,0.0,0.0,1.0,1.0,0.0,0.0,0.0,0.0,0.0,0.0
-0.8798074793728043,4.678478630483108,0.4783345406270387,-0.46618317148792077,0.07341192703021858,-1.571457222465138,1.0,0.0,1.0,0.0,0.0,0.0,0.0,0.0,1.0,0.0,0.0,1.0
-0.8798074793728043,1.8541593829860874,0.4783345406270387,-0.46618317148792077,0.07341192703021858,-1.571457222465138,0.0,1.0,1.0,0.0,0.0,0.0,0.0,1.0,0.0,0.0,0.0,1.0
-0.11207775677801594,-0.1636366652783809,0.4783345406270387,-0.46618317148792077,0.07341192703021858,0.8295675466232271,0.0,1.0,0.0,1.0,0.0,0.0,0.0,1.0,0.0,0.0,0.0,0.0
-2.1081750355244657,-0.2368487342862067,2.3651721745685985,0.7277823612437324,1.9626634467476503,0.8295675466232271,0.0,1.0,0.0,0.0,1.0,1.0,0.0,0.0,0.0,0.0,0.0,0.0
0.42533304903833596,5.189920764145649,-0.46508427634374117,-0.46618317148792077,-0.5563385795422586,-1.571457222465138,0.0,1.0,1.0,0.0,0.0,0.0,0.0,1.0,0.0,0.0,1.0,1.0
3.419478967158011,-0.5535058132468842,-0.46508427634374117,-0.46618317148792077,-0.5563385795422586,0.8295675466232271,0.0,1.0,0.0,0.0,1.0,0.0,0.0,1.0,0.0,0.0,1.0,0.0
0.11824116000042058,-0.4291048179409038,-0.46508427634374117,-0.46618317148792077,-0.5563385795422586,-0.3709448379209555,0.0,1.0,0.0,0.0,1.0,0.0,0.0,1.0,0.0,0.0,1.0,0.0
-0.07369127064827652,-0.35529752885984356,-0.46508427634374117,-0.46618317148792077,-0.5563385795422586,0.8295675466232271,0.0,1.0,0.0,0.0,1.0,0.0,0.0,1.0,0.0,0.0,1.0,0.0
2.0375654664873917,-0.007789003063282911,-0.46508427634374117,-0.46618317148792077,-0.5563385795422586,-1.571457222465138,0.0,1.0,1.0,0.0,0.0,0.0,0.0,1.0,0.0,0.0,1.0,1.0
-0.2656237012969736,-0.5516201560548779,0.4783345406270387,-0.46618317148792077,0.07341192703021858,0.8295675466232271,0.0,1.0,0.0,0.0,1.0,0.0,0.0,1.0,0.0,0.0,0.0,0.0
0.19501413225989941,-0.5516201560548779,-0.46508427634374117,-0.46618317148792077,-0.5563385795422586,0.8295675466232271,0.0,1.0,0.0,0.0,1.0,0.0,0.0,1.0,0.0,0.0,1.0,0.0
-0.11207775677801594,-0.5665006578857368,-0.46508427634374117,-0.46618317148792077,-0.5563385795422586,0.8295675466232271,0.0,1.0,1.0,0.0,0.0,0.0,0.0,1.0,0.0,0.0,1.0,0.0
0.8091979103357302,-0.0005463652121672249,-0.46508427634374117,-0.46618317148792077,-0.5563385795422586,-1.571457222465138,0.0,1.0,1.0,0.0,0.0,0.0,0.0,1.0,0.0,0.0,1.0,1.0
-0.18885072903749478,1.0882111457057742,-0.46508427634374117,-0.46618317148792077,-0.5563385795422586,-1.571457222465138,0.0,1.0,1.0,0.0,0.0,0.0,0.0,1.0,0.0,0.0,1.0,1.0
-0.11207775677801594,-0.36958281061746817,-0.46508427634374117,-0.46618317148792077,-0.5563385795422586,0.8295675466232271,0.0,1.0,0.0,1.0,0.0,0.0,0.0,1.0,0.0,0.0,1.0,0.0
0.6556519658167724,-0.5506297098530158,-0.46508427634374117,-0.46618317148792077,-0.5563385795422586,0.8295675466232271,0.0,1.0,0.0,0.0,1.0,0.0,0.0,1.0,0.0,0.0,1.0,0.0
-2.1849480077839445,0.20629261023677162,3.3085909915393783,0.7277823612437324,2.592413953320128,0.8295675466232271,0.0,1.0,0.0,0.0,1.0,1.0,0.0,0.0,0.0,0.0,0.0,0.0
-0.11207775677801594,-0.7386192560227691,-0.46508427634374117,-0.46618317148792077,-0.5563385795422586,-0.3709448379209555,0.0,1.0,0.0,0.0,1.0,0.0,0.0,1.0,0.0,0.0,1.0,0.0
-0.11207775677801594,-0.5545962564210496,-0.46508427634374117,-0.46618317148792077,-0.5563385795422586,0.8295675466232271,0.0,1.0,0.0,1.0,0.0,0.0,0.0,1.0,0.0,0.0,1.0,0.0
-2.2102830886295726,-0.39339161354684243,0.4783345406270387,0.7277823612437324,0.7031624336026958,-0.3709448379209555,0.0,1.0,0.0,0.0,1.0,1.0,0.0,0.0,0.0,0.0,0.0,0.0
-0.11207775677801594,-0.36958281061746817,0.4783345406270387,-0.46618317148792077,0.07341192703021858,0.8295675466232271,0.0,1.0,0.0,1.0,0.0,0.0,0.0,1.0,0.0,0.0,0.0,0.0
-2.1081750355244657,-0.446068590028083,-0.46508427634374117,0.7277823612437324,0.07341192703021858,0.8295675466232271,1.0,0.0,0.0,0.0,1.0,0.0,1.0,0.0,0.0,0.0,0.0,0.0
-0.8798074793728043,-0.5043001602327465,-0.46508427634374117,-0.46618317148792077,-0.5563385795422586,0.8295675466232271,1.0,0.0,0.0,0.0,1.0,0.0,1.0,0.0,0.0,0.0,1.0,0.0
1.6537006051899974,1.1174745453862678,0.4783345406270387,-0.46618317148792077,0.07341192703021858,-1.571457222465138,1.0,0.0,0.0,0.0,1.0,0.0,0.0,0.0,1.0,0.0,0.0,1.0
-0.0353047845185371,-0.07862019177817127,0.4783345406270387,-0.46618317148792077,0.07341192703021858,-0.3709448379209555,0.0,1.0,1.0,0.0,0.0,0.0,0.0,1.0,0.0,0.0,0.0,0.0
1.5001546606710396,-0.7386192560227691,-0.46508427634374117,-0.46618317148792077,-0.5563385795422586,0.8295675466232271,0.0,1.0,0.0,0.0,1.0,0.0,0.0,1.0,0.0,0.0,1.0,0.0
-0.4191696458159313,-0.5124356281937137,-0.46508427634374117,-0.46618317148792077,-0.5563385795422586,0.8295675466232271,0.0,1.0,0.0,0.0,1.0,0.0,0.0,1.0,0.0,0.0,1.0,0.0
0.11824116000042058,-0.24994357589736257,0.4783345406270387,0.7277823612437324,0.7031624336026958,0.8295675466232271,1.0,0.0,0.0,0.0,1.0,0.0,0.0,0.0,1.0,0.0,0.0,0.0
1.1930627716331244,-0.5541010333201186,-0.46508427634374117,-0.46618317148792077,-0.5563385795422586,0.8295675466232271,1.0,0.0,0.0,0.0,1.0,0.0,1.0,0.0,0.0,0.0,1.0,0.0
0.19501413225989941,-0.5499344928074781,-0.46508427634374117,-0.46618317148792077,-0.5563385795422586,0.8295675466232271,0.0,1.0,0.0,0.0,1.0,0.0,0.0,1.0,0.0,0.0,1.0,0.0
-0.8798074793728043,-0.3944820567210078,-0.46508427634374117,0.7277823612437324,0.07341192703021858,0.8295675466232271,1.0,0.0,1.0,0.0,0.0,0.0,1.0,0.0,0.0,0.0,0.0,0.0
1.1162897993736456,-0.11959037985903849,0.4783345406270387,-0.46618317148792077,0.07341192703021858,-0.3709448379209555,1.0,0.0,0.0,0.0,1.0,0.0,0.0,0.0,1.0,0.0,0.0,0.0
1.346608716152082,0.5126333348881513,0.4783345406270387,0.7277823612437324,0.7031624336026958,-1.571457222465138,1.0,0.0,0.0,0.0,1.0,0.0,0.0,0.0,1.0,0.0,0.0,1.0
0.5404925074275542,-0.11959037985903849,-0.46508427634374117,1.9217478939753856,0.7031624336026958,-0.3709448379209555,0.0,1.0,0.0,0.0,1.0,0.0,0.0,1.0,0.0,0.0,0.0,1.0
0.04146818774094174,-0.4291048179409038,-0.46508427634374117,-0.46618317148792077,-0.5563385795422586,-0.3709448379209555,0.0,1.0,0.0,0.0,1.0,0.0,0.0,1.0,0.0,0.0,1.0,0.0
-0.18885072903749478,-0.4886268252643394,-0.46508427634374117,-0.46618317148792077,-0.5563385795422586,-0.3709448379209555,1.0,0.0,0.0,0.0,1.0,0.0,1.0,0.0,0.0,0.0,1.0,1.0
-0.0353047845185371,-0.5124356281937137,-0.46508427634374117,-0.46618317148792077,-0.5563385795422586,0.8295675466232271,0.0,1.0,0.0,0.0,1.0,0.0,0.0,1.0,0.0,0.0,1.0,0.0
3.189160050379574,0.4400164859535598,-0.46508427634374117,-0.46618317148792077,-0.5563385795422586,-1.571457222465138,0.0,1.0,1.0,0.0,0.0,0.0,0.0,1.0,0.0,0.0,1.0,0.0
1.7304735774494762,1.4875038178737237,0.4783345406270387,0.7277823612437324,0.7031624336026958,-1.571457222465138,1.0,0.0,0.0,0.0,1.0,0.0,0.0,0.0,1.0,0.0,0.0,1.0
1.0395168271141666,0.3780136013648834,0.4783345406270387,6.697610024901998,3.851914966465082,0.8295675466232271,1.0,0.0,0.0,0.0,1.0,0.0,0.0,0.0,1.0,0.0,0.0,0.0
-0.572715590334889,-0.5506297098530158,-0.46508427634374117,-0.46618317148792077,-0.5563385795422586,0.8295675466232271,0.0,1.0,0.0,0.0,1.0,0.0,0.0,1.0,0.0,0.0,1.0,0.0
-0.11207775677801594,-0.1850645879148177,1.4217533575978185,-0.46618317148792077,0.7031624336026958,0.8295675466232271,1.0,0.0,0.0,1.0,0.0,0.0,1.0,0.0,0.0,0.0,0.0,0.0
-0.11207775677801594,0.5708649050928148,-0.46508427634374117,0.7277823612437324,0.07341192703021858,-1.571457222465138,1.0,0.0,0.0,0.0,1.0,0.0,0.0,0.0,1.0,0.0,0.0,1.0
-0.2656237012969736,-0.5506297098530158,-0.46508427634374117,-0.46618317148792077,-0.5563385795422586,0.8295675466232271,0.0,1.0,0.0,0.0,1.0,0.0,0.0,1.0,0.0,0.0,1.0,0.0
-0.3423966735564525,-0.5499344928074781,0.4783345406270387,-0.46618317148792077,0.07341192703021858,0.8295675466232271,1.0,0.0,0.0,0.0,1.0,0.0,1.0,0.0,0.0,0.0,0.0,0.0
-0.11207775677801594,-0.7386192560227691,-0.46508427634374117,-0.46618317148792077,-0.5563385795422586,-1.571457222465138,0.0,1.0,0.0,0.0,1.0,0.0,0.0,1.0,0.0,0.0,1.0,1.0
0.11824116000042058,3.186659513893497,-0.46508427634374117,1.9217478939753856,0.7031624336026958,-1.571457222465138,1.0,0.0,0.0,0.0,1.0,0.0,1.0,0.0,0.0,0.0,0.0,1.0
1.1930627716331244,-0.5469583924413064,-0.46508427634374117,-0.46618317148792077,-0.5563385795422586,0.8295675466232271,0.0,1.0,0.0,0.0,1.0,0.0,0.0,1.0,0.0,0.0,1.0,0.0
-0.572715590334889,-0.5660054347848058,-0.46508427634374117,-0.46618317148792077,-0.5563385795422586,0.8295675466232271,0.0,1.0,0.0,0.0,1.0,0.0,0.0,1.0,0.0,0.0,1.0,0.0
1.5001546606710396,1.0882111457057742,0.4783345406270387,-0.46618317148792077,0.07341192703021858,-1.571457222465138,1.0,0.0,1.0,0.0,0.0,0.0,0.0,0.0,1.0,0.0,0.0,1.0
-0.572715590334889,0.25133172273826887,0.4783345406270387,1.9217478939753856,1.3329129401751731,-0.3709448379209555,1.0,0.0,1.0,0.0,0.0,0.0,0.0,0.0,1.0,0.0,0.0,0.0
-1.9546290910055082,-0.21423037150330118,-0.46508427634374117,1.9217478939753856,0.7031624336026958,0.8295675466232271,1.0,0.0,0.0,0.0,1.0,0.0,1.0,0.0,0.0,0.0,0.0,0.0
-0.0353047845185371,-0.3756350083221151,-0.46508427634374117,1.9217478939753856,0.7031624336026958,0.8295675466232271,1.0,0.0,1.0,0.0,0.0,0.0,0.0,0.0,1.0,0.0,0.0,0.0
0.3485600767788571,-0.4291048179409038,-0.46508427634374117,-0.46618317148792077,-0.5563385795422586,-0.3709448379209555,0.0,1.0,0.0,0.0,1.0,0.0,0.0,1.0,0.0,0.0,1.0,0.0
1.4233816884115609,-0.12127604310643815,-0.46508427634374117,-0.46618317148792077,-0.5563385795422586,-1.571457222465138,1.0,0.0,0.0,0.0,1.0,0.0,0.0,0.0,1.0,0.0,1.0,1.0
-0.18885072903749478,-0.23863439450590976,0.4783345406270387,-0.46618317148792077,0.07341192703021858,-0.3709448379209555,1.0,0.0,0.0,0.0,1.0,0.0,0.0,0.0,1.0,0.0,0.0,0.0
1.884019521968434,0.6756236379820616,0.4783345406270387,-0.46618317148792077,0.07341192703021858,-1.571457222465138,1.0,0.0,1.0,0.0,0.0,0.0,0.0,0.0,1.0,0.0,0.0,0.0
-0.11207775677801594,-0.40856972541431846,-0.46508427634374117,-0.46618317148792077,-0.5563385795422586,-0.3709448379209555,0.0,1.0,1.0,0.0,0.0,0.0,0.0,1.0,0.0,0.0,1.0,0.0
-0.8030345071133255,-0.11959037985903849,0.4783345406270387,-0.46618317148792077,0.07341192703021858,-0.3709448379209555,1.0,0.0,0.0,0.0,1.0,0.0,0.0,0.0,1.0,0.0,0.0,0.0
-0.572715590334889,0.8470470190735562,0.4783345406270387,-0.46618317148792077,0.07341192703021858,-1.571457222465138,1.0,0.0,0.0,0.0,1.0,0.0,0.0,0.0,1.0,0.0,0.0,1.0
1.2314492577628637,-0.06006837253560286,-0.46508427634374117,-0.46618317148792077,-0.5563385795422586,-1.571457222465138,0.0,1.0,0.0,0.0,1.0,0.0,0.0,1.0,0.0,0.0,1.0,1.0
-0.11207775677801594,-0.07862019177817127,-0.46508427634374117,-0.46618317148792077,-0.5563385795422586,-1.571457222465138,0.0,1.0,1.0,0.0,0.0,0.0,0.0,1.0,0.0,0.0,1.0,0.0
-0.4959426180754101,-0.5516201560548779,-0.46508427634374117,-0.46618317148792077,-0.5563385795422586,0.8295675466232271,0.0,1.0,0.0,0.0,1.0,0.0,0.0,1.0,0.0,0.0,1.0,0.0
0.04146818774094174,-0.5469583924413064,-0.46508427634374117,-0.46618317148792077,-0.5563385795422586,0.8295675466232271,0.0,1.0,0.0,0.0,1.0,0.0,0.0,1.0,0.0,0.0,1.0,0.0
-0.11207775677801594,-0.5665006578857368,-0.46508427634374117,-0.46618317148792077,-0.5563385795422586,0.8295675466232271,0.0,1.0,1.0,0.0,0.0,0.0,0.0,1.0,0.0,0.0,1.0,0.0
0.3485600767788571,-0.23863439450590976,0.4783345406270387,-0.46618317148792077,0.07341192703021858,-0.3709448379209555,0.0,1.0,0.0,0.0,1.0,0.0,0.0,1.0,0.0,0.0,0.0,0.0
0.11824116000042058,-0.5499344928074781,-0.46508427634374117,-0.46618317148792077,-0.5563385795422586,0.8295675466232271,0.0,1.0,0.0,0.0,1.0,0.0,0.0,1.0,0.0,0.0,1.0,0.0
-0.11207775677801594,0.9172829877152103,7.082266259422497,1.9217478939753856,5.741166486182514,0.8295675466232271,0.0,1.0,0.0,0.0,1.0,0.0,0.0,1.0,0.0,0.0,0.0,0.0
0.8091979103357302,-0.07435365429322745,0.4783345406270387,4.309678959438692,2.592413953320128,0.8295675466232271,0.0,1.0,0.0,0.0,1.0,0.0,0.0,1.0,0.0,0.0,0.0,0.0
-0.11207775677801594,-0.5541010333201186,-0.46508427634374117,-0.46618317148792077,-0.5563385795422586,0.8295675466232271,1.0,0.0,0.0,1.0,0.0,0.0,1.0,0.0,0.0,0.0,1.0,0.0
0.19501413225989941,-0.4886268252643394,-0.46508427634374117,-0.46618317148792077,-0.5563385795422586,-0.3709448379209555,0.0,1.0,0.0,0.0,1.0,0.0,0.0,1.0,0.0,0.0,1.0,0.0
-0.7262615348538467,-0.5189830489992917,-0.46508427634374117,-0.46618317148792077,-0.5563385795422586,0.8295675466232271,0.0,1.0,0.0,0.0,1.0,0.0,0.0,1.0,0.0,0.0,1.0,0.0
-0.18885072903749478,4.2969425635398855,-0.46508427634374117,1.9217478939753856,0.7031624336026958,-1.571457222465138,0.0,1.0,1.0,0.0,0.0,0.0,0.0,1.0,0.0,0.0,0.0,1.0
0.23340061838963885,-0.4291048179409038,-0.46508427634374117,-0.46618317148792077,-0.5563385795422586,-0.3709448379209555,1.0,0.0,0.0,0.0,1.0,0.0,1.0,0.0,0.0,0.0,1.0,1.0
1.1162897993736456,-0.07862019177817127,-0.46508427634374117,-0.46618317148792077,-0.5563385795422586,-1.571457222465138,1.0,0.0,1.0,0.0,0.0,0.0,0.0,0.0,1.0,0.0,1.0,1.0
-0.4959426180754101,-0.38039676890798996,-0.46508427634374117,-0.46618317148792077,-0.5563385795422586,-0.3709448379209555,0.0,1.0,1.0,0.0,0.0,0.0,0.0,1.0,0.0,0.0,1.0,0.0
0.3485600767788571,-0.3957724938397798,0.4783345406270387,0.7277823612437324,0.7031624336026958,0.8295675466232271,0.0,1.0,0.0,0.0,1.0,0.0,0.0,1.0,0.0,0.0,0.0,0.0
0.19501413225989941,-0.11959037985903849,0.4783345406270387,-0.46618317148792077,0.07341192703021858,-0.3709448379209555,0.0,1.0,0.0,0.0,1.0,0.0,0.0,1.0,0.0,0.0,0.0,0.0
-1.9546290910055082,1.2103288768108276,-0.46508427634374117,1.9217478939753856,0.7031624336026958,-1.571457222465138,0.0,1.0,0.0,0.0,1.0,1.0,0.0,0.0,0.0,0.0,0.0,1.0
-2.1081750355244657,0.006001055593410661,3.3085909915393783,1.9217478939753856,3.222164459892605,0.8295675466232271,1.0,0.0,0.0,0.0,1.0,0.0,1.0,0.0,0.0,0.0,0.0,0.0
-0.11207775677801594,-0.7386192560227691,-0.46508427634374117,-0.46618317148792077,-0.5563385795422586,-0.3709448379209555,0.0,1.0,0.0,0.0,1.0,0.0,0.0,1.0,0.0,0.0,1.0,0.0
-0.3423966735564525,-0.4291048179409038,-0.46508427634374117,-0.46618317148792077,-0.5563385795422586,-0.3709448379209555,0.0,1.0,0.0,0.0,1.0,0.0,0.0,1.0,0.0,0.0,1.0,0.0
-0.4191696458159313,-0.5469583924413064,-0.46508427634374117,-0.46618317148792077,-0.5563385795422586,0.8295675466232271,0.0,1.0,0.0,0.0,1.0,0.0,0.0,1.0,0.0,0.0,1.0,0.0
-0.6494885625943678,-0.5323755006470646,-0.46508427634374117,-0.46618317148792077,-0.5563385795422586,0.8295675466232271,0.0,1.0,0.0,0.0,1.0,0.0,0.0,1.0,0.0,0.0,1.0,0.0
0.11824116000042058,-0.4886268252643394,-0.46508427634374117,-0.46618317148792077,-0.5563385795422586,-0.3709448379209555,0.0,1.0,0.0,0.0,1.0,0.0,0.0,1.0,0.0,0.0,1.0,0.0
1.884019521968434,-0.40529601501152956,-0.46508427634374117,-0.46618317148792077,-0.5563385795422586,-0.3709448379209555,0.0,1.0,0.0,0.0,1.0,0.0,0.0,0.0,0.0,1.0,1.0,0.0
0.27178710451937826,-0.3612497295921872,2.3651721745685985,-0.46618317148792077,1.3329129401751731,0.8295675466232271,1.0,0.0,0.0,0.0,1.0,0.0,0.0,0.0,1.0,0.0,0.0,0.0
-0.4959426180754101,-0.4291048179409038,-0.46508427634374117,-0.46618317148792077,-0.5563385795422586,-0.3709448379209555,0.0,1.0,0.0,0.0,1.0,0.0,0.0,1.0,0.0,0.0,1.0,0.0
-0.8030345071133255,0.13635425163173473,0.4783345406270387,0.7277823612437324,0.7031624336026958,-0.3709448379209555,0.0,1.0,0.0,0.0,1.0,0.0,0.0,1.0,0.0,0.0,0.0,0.0
2.728522216822701,-0.5541010333201186,-0.46508427634374117,-0.46618317148792077,-0.5563385795422586,0.8295675466232271,0.0,1.0,0.0,1.0,0.0,0.0,0.0,1.0,0.0,0.0,1.0,0.0
-0.11207775677801594,-0.2632360305728322,0.4783345406270387,-0.46618317148792077,0.07341192703021858,0.8295675466232271,0.0,1.0,0.0,0.0,1.0,0.0,0.0,1.0,0.0,0.0,0.0,0.0
0.9627438548546878,-0.4291048179409038,-0.46508427634374117,-0.46618317148792077,-0.5563385795422586,-0.3709448379209555,1.0,0.0,0.0,0.0,1.0,0.0,0.0,0.0,1.0,0.0,1.0,0.0
-0.8798074793728043,-0.46481802233496516,-0.46508427634374117,-0.46618317148792077,-0.5563385795422586,-0.3709448379209555,0.0,1.0,0.0,0.0,1.0,0.0,0.0,1.0,0.0,0.0,1.0,0.0
-0.18885072903749478,-0.4291048179409038,-0.46508427634374117,-0.46618317148792077,-0.5563385795422586,-0.3709448379209555,0.0,1.0,0.0,0.0,1.0,0.0,0.0,1.0,0.0,0.0,1.0,0.0
1.884019521968434,1.1015036003812435,-0.46508427634374117,0.7277823612437324,0.07341192703021858,-1.571457222465138,0.0,1.0,0.0,0.0,1.0,0.0,0.0,1.0,0.0,0.0,0.0,1.0
-0.11207775677801594,-0.5665006578857368,-0.46508427634374117,-0.46618317148792077,-0.5563385795422586,0.8295675466232271,0.0,1.0,1.0,0.0,0.0,0.0,0.0,1.0,0.0,0.0,1.0,0.0
1.346608716152082,0.4994384963046921,-0.46508427634374117,-0.46618317148792077,-0.5563385795422586,-1.571457222465138,0.0,1.0,0.0,0.0,1.0,0.0,0.0,1.0,0.0,0.0,1.0,1.0
-1.4172182851891562,0.3780136013648834,4.252009808510158,1.9217478939753856,3.851914966465082,0.8295675466232271,0.0,1.0,0.0,0.0,1.0,1.0,0.0,0.0,0.0,0.0,0.0,0.0
-0.6494885625943678,1.0113277592862386,1.4217533575978185,-0.46618317148792077,0.7031624336026958,-0.3709448379209555,0.0,1.0,0.0,0.0,1.0,0.0,0.0,1.0,0.0,0.0,0.0,0.0
-0.0353047845185371,-0.4886268252643394,-0.46508427634374117,-0.46618317148792077,-0.5563385795422586,-0.3709448379209555,0.0,1.0,0.0,0.0,1.0,0.0,0.0,1.0,0.0,0.0,1.0,0.0
0.7324249380762513,-0.1636366652783809,-0.46508427634374117,-0.46618317148792077,-0.5563385795422586,0.8295675466232271,0.0,1.0,0.0,0.0,1.0,0.0,0.0,1.0,0.0,0.0,1.0,0.0
0.7324249380762513,-0.04518787070474395,-0.46508427634374117,5.503644492170345,2.592413953320128,0.8295675466232271,1.0,0.0,0.0,1.0,0.0,0.0,0.0,0.0,1.0,0.0,0.0,0.0
0.5021060212978148,-0.36839237047099943,0.4783345406270387,-0.46618317148792077,0.07341192703021858,0.8295675466232271,0.0,1.0,0.0,0.0,1.0,0.0,0.0,1.0,0.0,0.0,0.0,0.0
-0.9565804516322832,1.8541593829860874,0.4783345406270387,-0.46618317148792077,0.07341192703021858,-1.571457222465138,1.0,0.0,1.0,0.0,0.0,0.0,0.0,0.0,1.0,0.0,0.0,1.0
-0.11207775677801594,-0.5323755006470646,-0.46508427634374117,-0.46618317148792077,-0.5563385795422586,0.8295675466232271,0.0,1.0,0.0,0.0,1.0,0.0,0.0,1.0,0.0,0.0,1.0,0.0
-1.4172182851891562,0.006001055593410661,3.3085909915393783,1.9217478939753856,3.222164459892605,0.8295675466232271,1.0,0.0,0.0,0.0,1.0,0.0,1.0,0.0,0.0,0.0,0.0,0.0
1.346608716152082,-0.39339161354684243,0.4783345406270387,-0.46618317148792077,0.07341192703021858,0.8295675466232271,1.0,0.0,0.0,0.0,1.0,0.0,0.0,0.0,1.0,0.0,0.0,0.0
-0.11207775677801594,-0.11959037985903849,-0.46508427634374117,-0.46618317148792077,-0.5563385795422586,-1.571457222465138,0.0,1.0,0.0,0.0,1.0,0.0,0.0,1.0,0.0,0.0,1.0,1.0
0.6556519658167724,0.008679545922965281,0.4783345406270387,5.503644492170345,3.222164459892605,0.8295675466232271,1.0,0.0,0.0,0.0,1.0,0.0,0.0,0.0,1.0,0.0,0.0,0.0
-0.11207775677801594,-0.4445805398449971,-0.46508427634374117,-0.46618317148792077,-0.5563385795422586,-0.3709448379209555,1.0,0.0,0.0,1.0,0.0,0.0,1.0,0.0,0.0,0.0,1.0,1.0
-0.8030345071133255,-0.02435516814154148,-0.46508427634374117,-0.46618317148792077,-0.5563385795422586,-1.571457222465138,1.0,0.0,0.0,0.0,1.0,0.0,1.0,0.0,0.0,0.0,1.0,1.0
1.4233816884115609,0.2042093399804514,0.4783345406270387,-0.46618317148792077,0.07341192703021858,-1.571457222465138,1.0,0.0,1.0,0.0,0.0,0.0,0.0,0.0,0.0,1.0,0.0,1.0
-0.11207775677801594,-0.5543986433567358,-0.46508427634374117,-0.46618317148792077,-0.5563385795422586,0.8295675466232271,0.0,1.0,0.0,1.0,0.0,0.0,0.0,1.0,0.0,0.0,1.0,0.0
-0.11207775677801594,2.74986559623149,0.4783345406270387,-0.46618317148792077,0.07341192703021858,-1.571457222465138,1.0,0.0,1.0,0.0,0.0,0.0,0.0,0.0,1.0,0.0,0.0,1.0
0.8091979103357302,-0.7386192560227691,-0.46508427634374117,-0.46618317148792077,-0.5563385795422586,-1.571457222465138,0.0,1.0,0.0,0.0,1.0,0.0,0.0,1.0,0.0,0.0,1.0,1.0
0.11824116000042058,-0.5535058132468842,-0.46508427634374117,-0.46618317148792077,-0.5563385795422586,0.8295675466232271,0.0,1.0,0.0,0.0,1.0,0.0,0.0,1.0,0.0,0.0,1.0,0.0
-1.6475372019675927,-0.2368487342862067,2.3651721745685985,0.7277823612437324,1.9626634467476503,0.8295675466232271,1.0,0.0,0.0,0.0,1.0,0.0,1.0,0.0,0.0,0.0,0.0,0.0
-0.2656237012969736,-0.29131137098715026,-0.46508427634374117,-0.46618317148792077,-0.5563385795422586,0.8295675466232271,0.0,1.0,1.0,0.0,0.0,0.0,0.0,1.0,0.0,0.0,1.0,0.0
-0.4191696458159313,1.0113277592862386,1.4217533575978185,-0.46618317148792077,0.7031624336026958,-0.3709448379209555,0.0,1.0,0.0,0.0,1.0,0.0,0.0,1.0,0.0,0.0,0.0,0.0
-0.572715590334889,-0.5665006578857368,-0.46508427634374117,-0.46618317148792077,-0.5563385795422586,0.8295675466232271,0.0,1.0,1.0,0.0,0.0,0.0,0.0,1.0,0.0,0.0,1.0,0.0
-1.9546290910055082,-0.19101678864716126,0.4783345406270387,0.7277823612437324,0.7031624336026958,-0.3709448379209555,1.0,0.0,0.0,0.0,1.0,0.0,1.0,0.0,0.0,0.0,0.0,0.0
1.1930627716331244,-0.10649553824788265,-0.46508427634374117,-0.46618317148792077,-0.5563385795422586,-1.571457222465138,0.0,1.0,0.0,0.0,1.0,0.0,0.0,1.0,0.0,0.0,1.0,0.0
0.9627438548546878,4.678478630483108,-0.46508427634374117,-0.46618317148792077,-0.5563385795422586,-1.571457222465138,1.0,0.0,1.0,0.0,0.0,0.0,1.0,0.0,0.0,0.0,1.0,0.0
0.19501413225989941,-0.012450766676854352,-0.46508427634374117,-0.46618317148792077,-0.5563385795422586,-1.571457222465138,0.0,1.0,1.0,0.0,0.0,0.0,0.0,0.0,0.0,1.0,1.0,1.0
1.6537006051899974,-0.5469583924413064,-0.46508427634374117,-0.46618317148792077,-0.5563385795422586,0.8295675466232271,0.0,1.0,0.0,0.0,1.0,0.0,0.0,1.0,0.0,0.0,1.0,0.0
-1.1485128822809803,-0.3944820567210078,0.4783345406270387,-0.46618317148792077,0.07341192703021858,0.8295675466232271,1.0,0.0,1.0,0.0,0.0,0.0,1.0,0.0,0.0,0.0,0.0,0.0
-0.11207775677801594,-0.5707671953706805,-0.46508427634374117,-0.46618317148792077,-0.5563385795422586,0.8295675466232271,0.0,1.0,0.0,0.0,1.0,0.0,0.0,1.0,0.0,0.0,1.0,0.0
-0.18885072903749478,-0.3944820567210078,0.4783345406270387,-0.46618317148792077,0.07341192703021858,0.8295675466232271,0.0,1.0,1.0,0.0,0.0,0.0,0.0,1.0,0.0,0.0,0.0,0.0
-0.11207775677801594,-0.10649553824788265,-0.46508427634374117,-0.46618317148792077,-0.5563385795422586,-1.571457222465138,0.0,1.0,0.0,0.0,1.0,0.0,0.0,1.0,0.0,0.0,1.0,1.0
-1.6475372019675927,-0.04518787070474395,3.3085909915393783,0.7277823612437324,2.592413953320128,0.8295675466232271,0.0,1.0,0.0,1.0,0.0,1.0,0.0,0.0,0.0,0.0,0.0,0.0
0.9627438548546878,-0.09578157692966424,0.4783345406270387,-0.46618317148792077,0.07341192703021858,-0.3709448379209555,0.0,1.0,0.0,0.0,1.0,0.0,0.0,1.0,0.0,0.0,0.0,0.0
0.8091979103357302,2.463664737978068,0.4783345406270387,0.7277823612437324,0.7031624336026958,-1.571457222465138,1.0,0.0,1.0,0.0,0.0,0.0,0.0,0.0,1.0,0.0,0.0,1.0
-1.8778561187460292,0.008679545922965281,3.3085909915393783,1.9217478939753856,3.222164459892605,0.8295675466232271,1.0,0.0,0.0,0.0,1.0,0.0,1.0,0.0,0.0,0.0,0.0,0.0
0.04146818774094174,-0.5506297098530158,-0.46508427634374117,-0.46618317148792077,-0.5563385795422586,0.8295675466232271,0.0,1.0,0.0,0.0,1.0,0.0,0.0,1.0,0.0,0.0,1.0,0.0
-0.11207775677801594,-0.5541010333201186,-0.46508427634374117,-0.46618317148792077,-0.5563385795422586,0.8295675466232271,1.0,0.0,0.0,1.0,0.0,0.0,1.0,0.0,0.0,0.0,1.0,0.0
-1.9546290910055082,-0.04518787070474395,3.3085909915393783,0.7277823612437324,2.592413953320128,0.8295675466232271,0.0,1.0,0.0,1.0,0.0,1.0,0.0,0.0,0.0,0.0,0.0,0.0
-2.197999413068056,-0.29220420109700185,0.4783345406270387,0.7277823612437324,0.7031624336026958,-0.3709448379209555,0.0,1.0,0.0,0.0,1.0,1.0,0.0,0.0,0.0,0.0,0.0,0.0
-0.11207775677801594,-0.11959037985903849,0.4783345406270387,-0.46618317148792077,0.07341192703021858,-0.3709448379209555,1.0,0.0,0.0,0.0,1.0,0.0,0.0,0.0,1.0,0.0,0.0,0.0
-0.7262615348538467,-0.643086434268655,-0.46508427634374117,-0.46618317148792077,-0.5563385795422586,0.8295675466232271,0.0,1.0,1.0,0.0,0.0,0.0,0.0,1.0,0.0,0.0,1.0,0.0
-0.11207775677801594,-0.5666006548580401,-0.46508427634374117,-0.46618317148792077,-0.5563385795422586,0.8295675466232271,0.0,1.0,1.0,0.0,0.0,0.0,0.0,1.0,0.0,0.0,1.0,0.0
-0.11207775677801594,-0.007789003063282911,-0.46508427634374117,-0.46618317148792077,-0.5563385795422586,-1.571457222465138,0.0,1.0,1.0,0.0,0.0,0.0,0.0,1.0,0.0,0.0,1.0,0.0
-0.9565804516322832,-0.5323755006470646,-0.46508427634374117,-0.46618317148792077,-0.5563385795422586,0.8295675466232271,0.0,1.0,0.0,0.0,1.0,0.0,0.0,1.0,0.0,0.0,1.0,0.0
-0.11207775677801594,-0.5311850605005959,-0.46508427634374117,-0.46618317148792077,-0.5563385795422586,0.8295675466232271,0.0,1.0,1.0,0.0,0.0,0.0,0.0,1.0,0.0,0.0,1.0,0.0
-0.0353047845185371,-0.5535058132468842,-0.46508427634374117,-0.46618317148792077,-0.5563385795422586,0.8295675466232271,0.0,1.0,0.0,0.0,1.0,0.0,0.0,1.0,0.0,0.0,1.0,0.0
0.42533304903833596,-0.5689815351509775,-0.46508427634374117,-0.46618317148792077,-0.5563385795422586,0.8295675466232271,0.0,1.0,0.0,0.0,1.0,0.0,0.0,1.0,0.0,0.0,1.0,0.0
-1.8010831464865504,0.006001055593410661,3.3085909915393783,1.9217478939753856,3.222164459892605,0.8295675466232271,1.0,0.0,0.0,0.0,1.0,0.0,1.0,0.0,0.0,0.0,0.0,0.0
-0.8030345071133255,-0.5510249359816435,-0.46508427634374117,-0.46618317148792077,-0.5563385795422586,0.8295675466232271,1.0,0.0,0.0,1.0,0.0,0.0,1.0,0.0,0.0,0.0,1.0,0.0
-0.6494885625943678,-0.5516201560548779,-0.46508427634374117,-0.46618317148792077,-0.5563385795422586,0.8295675466232271,0.0,1.0,0.0,0.0,1.0,0.0,0.0,1.0,0.0,0.0,1.0,0.0
-0.7262615348538467,-0.5042025441407361,-0.46508427634374117,-0.46618317148792077,-0.5563385795422586,0.8295675466232271,0.0,1.0,0.0,0.0,1.0,0.0,0.0,1.0,0.0,0.0,1.0,0.0
-1.7243101742270717,-0.11363817912669494,-0.46508427634374117,1.9217478939753856,0.7031624336026958,-0.3709448379209555,1.0,0.0,0.0,0.0,1.0,0.0,1.0,0.0,0.0,0.0,0.0,0.0
0.7324249380762513,-0.5499344928074781,-0.46508427634374117,-0.46618317148792077,-0.5563385795422586,0.8295675466232271,0.0,1.0,0.0,0.0,1.0,0.0,0.0,1.0,0.0,0.0,1.0,0.0
-0.2656237012969736,-0.3944820567210078,0.4783345406270387,-0.46618317148792077,0.07341192703021858,0.8295675466232271,0.0,1.0,1.0,0.0,0.0,0.0,0.0,1.0,0.0,0.0,0.0,0.0
1.1930627716331244,-0.3944820567210078,-0.46508427634374117,0.7277823612437324,0.07341192703021858,0.8295675466232271,1.0,0.0,1.0,0.0,0.0,0.0,0.0,0.0,1.0,0.0,0.0,0.0
0.27178710451937826,-0.24994357589736257,0.4783345406270387,0.7277823612437324,0.7031624336026958,0.8295675466232271,0.0,1.0,0.0,0.0,1.0,0.0,0.0,1.0,0.0,0.0,0.0,0.0
-2.1081750355244657,-0.11959037985903849,0.4783345406270387,0.7277823612437324,0.7031624336026958,-0.3709448379209555,0.0,1.0,0.0,0.0,1.0,1.0,0.0,0.0,0.0,0.0,0.0,1.0
-0.11207775677801594,1.3828450819567806,0.4783345406270387,-0.46618317148792077,0.07341192703021858,-1.571457222465138,1.0,0.0,1.0,0.0,0.0,0.0,0.0,0.0,1.0,0.0,0.0,1.0
-0.2656237012969736,-0.35529752885984356,0.4783345406270387,-0.46618317148792077,0.07341192703021858,0.8295675466232271,1.0,0.0,0.0,0.0,1.0,0.0,0.0,0.0,1.0,0.0,0.0,0.0
0.19501413225989941,0.606478112514573,-0.46508427634374117,-0.46618317148792077,-0.5563385795422586,0.8295675466232271,0.0,1.0,0.0,0.0,1.0,0.0,0.0,1.0,0.0,0.0,1.0,0.0
0.42533304903833596,2.4906472543379277,-0.46508427634374117,-0.46618317148792077,-0.5563385795422586,-1.571457222465138,1.0,0.0,0.0,0.0,1.0,0.0,1.0,0.0,0.0,0.0,1.0,1.0
-0.11207775677801594,-0.3957724938397798,0.4783345406270387,0.7277823612437324,0.7031624336026958,0.8295675466232271,1.0,0.0,0.0,0.0,1.0,0.0,0.0,0.0,1.0,0.0,0.0,0.0
0.7324249380762513,0.006001055593410661,0.4783345406270387,5.503644492170345,3.222164459892605,0.8295675466232271,0.0,1.0,0.0,0.0,1.0,0.0,0.0,1.0,0.0,0.0,0.0,0.0
-0.11207775677801594,-0.5124356281937137,-0.46508427634374117,-0.46618317148792077,-0.5563385795422586,0.8295675466232271,0.0,1.0,0.0,0.0,1.0,0.0,0.0,1.0,0.0,0.0,1.0,0.0
0.5788789935572937,-0.03149780902035377,-0.46508427634374117,0.7277823612437324,0.07341192703021858,-1.571457222465138,0.0,1.0,1.0,0.0,0.0,0.0,0.0,1.0,0.0,0.0,0.0,1.0
-0.11207775677801594,-0.5660054347848058,-0.46508427634374117,-0.46618317148792077,-0.5563385795422586,0.8295675466232271,0.0,1.0,0.0,0.0,1.0,0.0,0.0,1.0,0.0,0.0,1.0,0.0
-1.9546290910055082,0.006001055593410661,3.3085909915393783,1.9217478939753856,3.222164459892605,0.8295675466232271,0.0,1.0,0.0,0.0,1.0,1.0,0.0,0.0,0.0,0.0,0.0,0.0
-0.4959426180754101,0.7698660226174038,-0.46508427634374117,0.7277823612437324,0.07341192703021858,-1.571457222465138,0.0,1.0,1.0,0.0,0.0,0.0,0.0,1.0,0.0,0.0,0.0,1.0
0.6556519658167724,-0.5707671953706805,-0.46508427634374117,-0.46618317148792077,-0.5563385795422586,0.8295675466232271,0.0,1.0,0.0,0.0,1.0,0.0,0.0,1.0,0.0,0.0,1.0,0.0
-0.3423966735564525,-0.5707671953706805,-0.46508427634374117,-0.46618317148792077,-0.5563385795422586,0.8295675466232271,0.0,1.0,0.0,0.0,1.0,0.0,0.0,1.0,0.0,0.0,1.0,0.0
-0.0353047845185371,-0.4886268252643394,-0.46508427634374117,-0.46618317148792077,-0.5563385795422586,-0.3709448379209555,1.0,0.0,0.0,0.0,1.0,0.0,0.0,0.0,1.0,0.0,1.0,1.0
1.884019521968434,0.4961647859019031,-0.46508427634374117,-0.46618317148792077,-0.5563385795422586,-1.571457222465138,0.0,1.0,0.0,0.0,1.0,0.0,0.0,1.0,0.0,0.0,1.0,1.0
-0.4191696458159313,-0.39339161354684243,-0.46508427634374117,1.9217478939753856,0.7031624336026958,-0.3709448379209555,1.0,0.0,0.0,0.0,1.0,0.0,0.0,0.0,1.0,0.0,0.0,0.0
-0.11207775677801594,-0.5506297098530158,-0.46508427634374117,-0.46618317148792077,-0.5563385795422586,0.8295675466232271,0.0,1.0,0.0,0.0,1.0,0.0,0.0,1.0,0.0,0.0,1.0,0.0
-0.11207775677801594,-0.20629489748694071,-0.46508427634374117,1.9217478939753856,0.7031624336026958,0.8295675466232271,1.0,0.0,1.0,0.0,0.0,0.0,0.0,0.0,1.0,0.0,0.0,0.0
-1.1868993684107196,-0.5516201560548779,-0.46508427634374117,-0.46618317148792077,-0.5563385795422586,0.8295675466232271,1.0,0.0,0.0,0.0,1.0,0.0,1.0,0.0,0.0,0.0,1.0,0.0
0.885970882595209,-0.2743475988999711,-0.46508427634374117,0.7277823612437324,0.07341192703021858,-0.3709448379209555,1.0,0.0,0.0,0.0,1.0,0.0,0.0,0.0,1.0,0.0,0.0,0.0
-0.11207775677801594,-0.39339161354684243,-0.46508427634374117,-0.46618317148792077,-0.5563385795422586,0.8295675466232271,0.0,1.0,0.0,0.0,1.0,0.0,0.0,1.0,0.0,0.0,1.0,0.0
1.5769276329305186,-0.4886268252643394,-0.46508427634374117,-0.46618317148792077,-0.5563385795422586,-0.3709448379209555,1.0,0.0,0.0,0.0,1.0,0.0,1.0,0.0,0.0,0.0,1.0,0.0
-0.11207775677801594,-0.5665006578857368,-0.46508427634374117,-0.46618317148792077,-0.5563385795422586,0.8295675466232271,0.0,1.0,1.0,0.0,0.0,0.0,0.0,1.0,0.0,0.0,1.0,0.0
-0.6494885625943678,-0.5535058132468842,-0.46508427634374117,-0.46618317148792077,-0.5563385795422586,0.8295675466232271,0.0,1.0,0.0,0.0,1.0,0.0,0.0,1.0,0.0,0.0,1.0,0.0
-0.572715590334889,0.43991648898125646,-0.46508427634374117,1.9217478939753856,0.7031624336026958,-1.571457222465138,1.0,0.0,1.0,0.0,0.0,0.0,1.0,0.0,0.0,0.0,0.0,1.0
-0.4191696458159313,-0.5601532310247656,-0.46508427634374117,-0.46618317148792077,-0.5563385795422586,0.8295675466232271,0.0,1.0,0.0,0.0,1.0,0.0,0.0,1.0,0.0,0.0,1.0,0.0
-0.6494885625943678,-0.4886268252643394,-0.46508427634374117,-0.46618317148792077,-0.5563385795422586,-0.3709448379209555,1.0,0.0,0.0,0.0,1.0,0.0,1.0,0.0,0.0,0.0,1.0,0.0
1.6537006051899974,-0.5706671983983773,-0.46508427634374117,-0.46618317148792077,-0.5563385795422586,0.8295675466232271,0.0,1.0,0.0,0.0,1.0,0.0,0.0,1.0,0.0,0.0,1.0,0.0
-0.4191696458159313,-0.09578157692966424,1.4217533575978185,0.7277823612437324,1.3329129401751731,-0.3709448379209555,1.0,0.0,0.0,0.0,1.0,0.0,0.0,0.0,1.0,0.0,0.0,0.0
-0.8030345071133255,-0.4291048179409038,-0.46508427634374117,-0.46618317148792077,-0.5563385795422586,-0.3709448379209555,0.0,1.0,0.0,0.0,1.0,0.0,0.0,1.0,0.0,0.0,1.0,0.0
-0.572715590334889,-0.5469583924413064,-0.46508427634374117,-0.46618317148792077,-0.5563385795422586,0.8295675466232271,0.0,1.0,0.0,0.0,1.0,0.0,0.0,1.0,0.0,0.0,1.0,0.0
2.421430327784786,0.05897564211126841,-0.46508427634374117,-0.46618317148792077,-0.5563385795422586,-1.571457222465138,0.0,1.0,0.0,0.0,1.0,0.0,0.0,1.0,0.0,0.0,1.0,1.0
-0.11207775677801594,-0.5469583924413064,-0.46508427634374117,-0.46618317148792077,-0.5563385795422586,0.8295675466232271,0.0,1.0,0.0,0.0,1.0,0.0,0.0,1.0,0.0,0.0,1.0,0.0
-0.8030345071133255,-0.49646468318868947,-0.46508427634374117,-0.46618317148792077,-0.5563385795422586,0.8295675466232271,0.0,1.0,0.0,0.0,1.0,0.0,0.0,1.0,0.0,0.0,1.0,0.0
-0.11207775677801594,-0.5469583924413064,-0.46508427634374117,-0.46618317148792077,-0.5563385795422586,0.8295675466232271,0.0,1.0,0.0,0.0,1.0,0.0,0.0,1.0,0.0,0.0,1.0,0.0
-0.572715590334889,-0.5541010333201186,-0.46508427634374117,-0.46618317148792077,-0.5563385795422586,0.8295675466232271,1.0,0.0,0.0,1.0,0.0,0.0,1.0,0.0,0.0,0.0,1.0,0.0
-0.11207775677801594,-0.20232597003861405,-0.46508427634374117,-0.46618317148792077,-0.5563385795422586,0.8295675466232271,0.0,1.0,0.0,0.0,1.0,0.0,0.0,1.0,0.0,0.0,1.0,0.0
1.884019521968434,-0.19101678864716126,0.4783345406270387,3.1157134267070385,1.9626634467476503,-0.3709448379209555,1.0,0.0,0.0,0.0,1.0,0.0,0.0,0.0,1.0,0.0,0.0,0.0
0.885970882595209,-0.5689815351509775,-0.46508427634374117,-0.46618317148792077,-0.5563385795422586,0.8295675466232271,0.0,1.0,0.0,0.0,1.0,0.0,0.0,1.0,0.0,0.0,1.0,0.0
-0.07369127064827652,-0.5665006578857368,-0.46508427634374117,-0.46618317148792077,-0.5563385795422586,0.8295675466232271,0.0,1.0,1.0,0.0,0.0,0.0,0.0,1.0,0.0,0.0,1.0,0.0
-0.11207775677801594,-0.5506297098530158,-0.46508427634374117,-0.46618317148792077,-0.5563385795422586,0.8295675466232271,0.0,1.0,1.0,0.0,0.0,0.0,0.0,1.0,0.0,0.0,1.0,0.0
-0.6494885625943678,-0.46481802233496516,0.4783345406270387,-0.46618317148792077,0.07341192703021858,-0.3709448379209555,0.0,1.0,0.0,0.0,1.0,0.0,0.0,1.0,0.0,0.0,0.0,0.0
0.8091979103357302,0.18992405822282682,0.4783345406270387,0.7277823612437324,0.7031624336026958,-0.3709448379209555,1.0,0.0,0.0,0.0,1.0,0.0,0.0,0.0,1.0,0.0,0.0,0.0
0.5021060212978148,-0.4886268252643394,-0.46508427634374117,-0.46618317148792077,-0.5563385795422586,-0.3709448379209555,0.0,1.0,0.0,0.0,1.0,0.0,0.0,1.0,0.0,0.0,1.0,0.0
-0.0353047845185371,-0.11959037985903849,0.4783345406270387,-0.46618317148792077,0.07341192703021858,-0.3709448379209555,1.0,0.0,0.0,0.0,1.0,0.0,0.0,0.0,1.0,0.0,0.0,0.0
-1.1101263961512409,-0.3944820567210078,0.4783345406270387,-0.46618317148792077,0.07341192703021858,0.8295675466232271,1.0,0.0,1.0,0.0,0.0,0.0,0.0,0.0,1.0,0.0,0.0,0.0
0.8475843964654696,-0.5541010333201186,-0.46508427634374117,-0.46618317148792077,-0.5563385795422586,0.8295675466232271,0.0,1.0,0.0,1.0,0.0,0.0,0.0,1.0,0.0,0.0,1.0,0.0
-0.0353047845185371,-0.5541010333201186,-0.46508427634374117,-0.46618317148792077,-0.5563385795422586,0.8295675466232271,0.0,1.0,0.0,1.0,0.0,0.0,0.0,1.0,0.0,0.0,1.0,0.0
0.27178710451937826,-0.11959037985903849,-0.46508427634374117,1.9217478939753856,0.7031624336026958,-0.3709448379209555,1.0,0.0,0.0,0.0,1.0,0.0,0.0,0.0,1.0,0.0,0.0,0.0
-0.8030345071133255,-0.5469583924413064,-0.46508427634374117,-0.46618317148792077,-0.5563385795422586,0.8295675466232271,0.0,1.0,0.0,0.0,1.0,0.0,0.0,1.0,0.0,0.0,1.0,0.0
0.42533304903833596,-0.4886268252643394,-0.46508427634374117,-0.46618317148792077,-0.5563385795422586,-0.3709448379209555,0.0,1.0,0.0,0.0,1.0,0.0,0.0,1.0,0.0,0.0,1.0,0.0
-0.8798074793728043,5.189920764145649,1.4217533575978185,1.9217478939753856,1.9626634467476503,-1.571457222465138,1.0,0.0,1.0,0.0,0.0,0.0,1.0,0.0,0.0,0.0,0.0,1.0
-0.8798074793728043,-0.31482256387990737,0.4783345406270387,-0.46618317148792077,0.07341192703021858,0.8295675466232271,1.0,0.0,0.0,0.0,1.0,0.0,0.0,0.0,1.0,0.0,0.0,0.0
-0.11207775677801594,0.27087398818269925,-0.46508427634374117,-0.46618317148792077,-0.5563385795422586,-1.571457222465138,0.0,1.0,0.0,0.0,1.0,0.0,0.0,1.0,0.0,0.0,1.0,0.0
-0.11207775677801594,-0.5544986403290392,-0.46508427634374117,-0.46618317148792077,-0.5563385795422586,0.8295675466232271,0.0,1.0,0.0,1.0,0.0,0.0,0.0,1.0,0.0,0.0,1.0,0.0
-0.11207775677801594,-0.5469583924413064,-0.46508427634374117,-0.46618317148792077,-0.5563385795422586,0.8295675466232271,0.0,1.0,0.0,0.0,1.0,0.0,0.0,1.0,0.0,0.0,1.0,0.0
-0.6494885625943678,1.1015036003812435,-0.46508427634374117,0.7277823612437324,0.07341192703021858,-1.571457222465138,0.0,1.0,0.0,0.0,1.0,0.0,0.0,1.0,0.0,0.0,0.0,1.0
-0.11207775677801594,-0.5522153761281122,-0.46508427634374117,-0.46618317148792077,-0.5563385795422586,0.8295675466232271,1.0,0.0,0.0,1.0,0.0,0.0,1.0,0.0,0.0,0.0,1.0,0.0
0.7324249380762513,1.9013793818359153,0.4783345406270387,0.7277823612437324,0.7031624336026958,-1.571457222465138,1.0,0.0,1.0,0.0,0.0,0.0,0.0,0.0,1.0,0.0,0.0,1.0
-0.7262615348538467,-0.5516201560548779,-0.46508427634374117,-0.46618317148792077,-0.5563385795422586,0.8295675466232271,0.0,1.0,0.0,0.0,1.0,0.0,0.0,1.0,0.0,0.0,1.0,0.0
2.191111411006349,-0.03149780902035377,-0.46508427634374117,-0.46618317148792077,-0.5563385795422586,-1.571457222465138,0.0,1.0,1.0,0.0,0.0,0.0,0.0,1.0,0.0,0.0,1.0,1.0
1.5001546606710396,0.6167968477041638,0.4783345406270387,-0.46618317148792077,0.07341192703021858,-1.571457222465138,0.0,1.0,1.0,0.0,0.0,0.0,0.0,0.0,0.0,1.0,0.0,1.0
-1.8778561187460292,-0.28010218656800095,1.4217533575978185,0.7277823612437324,1.3329129401751731,0.8295675466232271,1.0,0.0,1.0,0.0,0.0,0.0,1.0,0.0,0.0,0.0,0.0,0.0
0.7324249380762513,1.1577518973018905,0.4783345406270387,0.7277823612437324,0.7031624336026958,-1.571457222465138,1.0,0.0,0.0,0.0,1.0,0.0,0.0,0.0,1.0,0.0,0.0,1.0
-0.9565804516322832,-0.5323755006470646,-0.46508427634374117,-0.46618317148792077,-0.5563385795422586,0.8295675466232271,0.0,1.0,0.0,0.0,1.0,0.0,0.0,1.0,0.0,0.0,1.0,0.0
2.728522216822701,0.7370313024975036,-0.46508427634374117,0.7277823612437324,0.07341192703021858,-1.571457222465138,0.0,1.0,1.0,0.0,0.0,0.0,0.0,1.0,0.0,0.0,0.0,1.0
-0.11207775677801594,2.4434272554881002,0.4783345406270387,-0.46618317148792077,0.07341192703021858,-1.571457222465138,1.0,0.0,0.0,0.0,1.0,0.0,0.0,0.0,1.0,0.0,0.0,0.0
-0.11207775677801594,1.9013793818359153,-0.46508427634374117,-0.46618317148792077,-0.5563385795422586,-1.571457222465138,1.0,0.0,1.0,0.0,0.0,0.0,1.0,0.0,0.0,0.0,1.0,0.0
-0.6494885625943678,-0.5469583924413064,-0.46508427634374117,-0.46618317148792077,-0.5563385795422586,0.8295675466232271,0.0,1.0,0.0,0.0,1.0,0.0,0.0,1.0,0.0,0.0,1.0,0.0
0.11824116000042058,0.46362529493832744,-0.46508427634374117,-0.46618317148792077,-0.5563385795422586,-1.571457222465138,0.0,1.0,0.0,0.0,1.0,0.0,0.0,1.0,0.0,0.0,1.0,1.0
0.19501413225989941,-0.5499344928074781,-0.46508427634374117,-0.46618317148792077,-0.5563385795422586,0.8295675466232271,0.0,1.0,0.0,0.0,1.0,0.0,0.0,1.0,0.0,0.0,1.0,0.0
0.7324249380762513,-0.4291048179409038,-0.46508427634374117,-0.46618317148792077,-0.5563385795422586,-0.3709448379209555,0.0,1.0,0.0,0.0,1.0,0.0,0.0,1.0,0.0,0.0,1.0,0.0
-0.7262615348538467,-0.5469583924413064,-0.46508427634374117,-0.46618317148792077,-0.5563385795422586,0.8295675466232271,0.0,1.0,0.0,0.0,1.0,0.0,0.0,1.0,0.0,0.0,1.0,0.0
0.3485600767788571,-0.4291048179409038,-0.46508427634374117,-0.46618317148792077,-0.5563385795422586,-0.3709448379209555,0.0,1.0,0.0,0.0,1.0,0.0,0.0,1.0,0.0,0.0,1.0,1.0
1.346608716152082,-0.12941151106740542,-0.46508427634374117,-0.46618317148792077,-0.5563385795422586,-1.571457222465138,0.0,1.0,0.0,0.0,1.0,0.0,0.0,1.0,0.0,0.0,1.0,1.0
0.5021060212978148,-0.11274534901684337,-0.46508427634374117,-0.46618317148792077,-0.5563385795422586,-1.571457222465138,0.0,1.0,0.0,0.0,1.0,0.0,0.0,1.0,0.0,0.0,1.0,1.0
-0.6494885625943678,-0.35529752885984356,-0.46508427634374117,-0.46618317148792077,-0.5563385795422586,0.8295675466232271,0.0,1.0,0.0,0.0,1.0,0.0,0.0,1.0,0.0,0.0,1.0,0.0
-0.11207775677801594,-0.5469583924413064,-0.46508427634374117,-0.46618317148792077,-0.5563385795422586,0.8295675466232271,0.0,1.0,0.0,0.0,1.0,0.0,0.0,1.0,0.0,0.0,1.0,0.0
-0.11207775677801594,-0.5506297098530158,-0.46508427634374117,-0.46618317148792077,-0.5563385795422586,0.8295675466232271,0.0,1.0,0.0,0.0,1.0,0.0,0.0,1.0,0.0,0.0,1.0,0.0
0.04146818774094174,-0.5323755006470646,-0.46508427634374117,-0.46618317148792077,-0.5563385795422586,0.8295675466232271,1.0,0.0,0.0,0.0,1.0,0.0,1.0,0.0,0.0,0.0,1.0,0.0
-0.11207775677801594,-0.5506297098530158,-0.46508427634374117,-0.46618317148792077,-0.5563385795422586,0.8295675466232271,0.0,1.0,0.0,0.0,1.0,0.0,0.0,1.0,0.0,0.0,1.0,0.0
-0.11207775677801594,-0.5666006548580401,-0.46508427634374117,-0.46618317148792077,-0.5563385795422586,0.8295675466232271,0.0,1.0,1.0,0.0,0.0,0.0,0.0,1.0,0.0,0.0,1.0,0.0
0.27178710451937826,-0.5325731137113785,-0.46508427634374117,-0.46618317148792077,-0.5563385795422586,0.8295675466232271,0.0,1.0,0.0,0.0,1.0,0.0,0.0,1.0,0.0,0.0,1.0,0.0
0.04146818774094174,0.6167968477041638,-0.46508427634374117,-0.46618317148792077,-0.5563385795422586,-1.571457222465138,1.0,0.0,1.0,0.0,0.0,0.0,1.0,0.0,0.0,0.0,1.0,1.0
-2.1849480077839445,0.18992405822282682,1.4217533575978185,0.7277823612437324,1.3329129401751731,-0.3709448379209555,0.0,1.0,0.0,0.0,1.0,1.0,0.0,0.0,0.0,0.0,0.0,1.0
-0.7262615348538467,-0.5323755006470646,-0.46508427634374117,-0.46618317148792077,-0.5563385795422586,0.8295675466232271,1.0,0.0,0.0,0.0,1.0,0.0,1.0,0.0,0.0,0.0,1.0,0.0
0.3485600767788571,0.03516683918189416,0.4783345406270387,0.7277823612437324,0.7031624336026958,-0.3709448379209555,1.0,0.0,0.0,0.0,1.0,0.0,0.0,0.0,1.0,0.0,0.0,0.0
1.1930627716331244,0.10659324797001692,-0.46508427634374117,-0.46618317148792077,-0.5563385795422586,-1.571457222465138,0.0,1.0,0.0,0.0,1.0,0.0,0.0,1.0,0.0,0.0,1.0,1.0
0.5021060212978148,-0.4291048179409038,-0.46508427634374117,-0.46618317148792077,-0.5563385795422586,-0.3709448379209555,1.0,0.0,0.0,0.0,1.0,0.0,0.0,0.0,1.0,0.0,1.0,1.0
0.7324249380762513,-0.5499344928074781,-0.46508427634374117,-0.46618317148792077,-0.5563385795422586,0.8295675466232271,0.0,1.0,0.0,0.0,1.0,0.0,0.0,1.0,0.0,0.0,1.0,0.0
-0.7262615348538467,-0.3638282229494384,0.4783345406270387,0.7277823612437324,0.7031624336026958,0.8295675466232271,0.0,1.0,1.0,0.0,0.0,0.0,0.0,1.0,0.0,0.0,0.0,0.0
0.3869465629085965,-0.5853500871649223,-0.46508427634374117,-0.46618317148792077,-0.5563385795422586,0.8295675466232271,0.0,1.0,1.0,0.0,0.0,0.0,0.0,1.0,0.0,0.0,1.0,0.0
-0.11207775677801594,-0.5124356281937137,-0.46508427634374117,-0.46618317148792077,-0.5563385795422586,0.8295675466232271,0.0,1.0,0.0,0.0,1.0,0.0,0.0,1.0,0.0,0.0,1.0,0.0
-0.11207775677801594,-0.1850645879148177,1.4217533575978185,-0.46618317148792077,0.7031624336026958,0.8295675466232271,0.0,1.0,0.0,1.0,0.0,0.0,0.0,1.0,0.0,0.0,0.0,0.0
-0.11207775677801594,-0.5469583924413064,-0.46508427634374117,-0.46618317148792077,-0.5563385795422586,0.8295675466232271,0.0,1.0,0.0,0.0,1.0,0.0,0.0,1.0,0.0,0.0,1.0,0.0
-1.4939912574486351,-0.1636366652783809,-0.46508427634374117,1.9217478939753856,0.7031624336026958,0.8295675466232271,1.0,0.0,0.0,0.0,1.0,0.0,1.0,0.0,0.0,0.0,0.0,0.0
-1.570764229708114,-0.3756350083221151,0.4783345406270387,0.7277823612437324,0.7031624336026958,0.8295675466232271,1.0,0.0,1.0,0.0,0.0,0.0,1.0,0.0,0.0,0.0,0.0,0.0
-0.11207775677801594,-0.5506297098530158,-0.46508427634374117,-0.46618317148792077,-0.5563385795422586,0.8295675466232271,0.0,1.0,0.0,0.0,1.0,0.0,0.0,1.0,0.0,0.0,1.0,0.0
-0.6878750487241072,-0.5660054347848058,-0.46508427634374117,-0.46618317148792077,-0.5563385795422586,0.8295675466232271,0.0,1.0,0.0,0.0,1.0,0.0,0.0,1.0,0.0,0.0,1.0,0.0
-0.11207775677801594,0.4994384963046921,0.4783345406270387,-0.46618317148792077,0.07341192703021858,-1.571457222465138,1.0,0.0,0.0,0.0,1.0,0.0,0.0,0.0,1.0,0.0,0.0,1.0
0.5021060212978148,2.4906472543379277,-0.46508427634374117,-0.46618317148792077,-0.5563385795422586,-1.571457222465138,1.0,0.0,1.0,0.0,0.0,0.0,1.0,0.0,0.0,0.0,1.0,1.0
-0.11207775677801594,-0.5469583924413064,-0.46508427634374117,-0.46618317148792077,-0.5563385795422586,0.8295675466232271,0.0,1.0,0.0,0.0,1.0,0.0,0.0,1.0,0.0,0.0,1.0,0.0
-0.11207775677801594,-0.5588627939059935,-0.46508427634374117,-0.46618317148792077,-0.5563385795422586,0.8295675466232271,0.0,1.0,0.0,0.0,1.0,0.0,0.0,1.0,0.0,0.0,1.0,0.0
-0.7262615348538467,-0.5323755006470646,-0.46508427634374117,-0.46618317148792077,-0.5563385795422586,0.8295675466232271,0.0,1.0,0.0,0.0,1.0,0.0,0.0,1.0,0.0,0.0,1.0,0.0
-0.572715590334889,-0.4882292182554189,-0.46508427634374117,-0.46618317148792077,-0.5563385795422586,0.8295675466232271,1.0,0.0,0.0,0.0,1.0,0.0,1.0,0.0,0.0,0.0,1.0,0.0
0.7324249380762513,-0.4291048179409038,-0.46508427634374117,-0.46618317148792077,-0.5563385795422586,-0.3709448379209555,0.0,1.0,0.0,0.0,1.0,0.0,0.0,1.0,0.0,0.0,1.0,0.0
0.5788789935572937,-0.5103523579373934,-0.46508427634374117,-0.46618317148792077,-0.5563385795422586,0.8295675466232271,1.0,0.0,0.0,0.0,1.0,0.0,1.0,0.0,0.0,0.0,1.0,0.0
1.4233816884115609,0.8089529343865575,0.4783345406270387,1.9217478939753856,1.3329129401751731,-0.3709448379209555,1.0,0.0,0.0,0.0,1.0,0.0,0.0,0.0,1.0,0.0,0.0,0.0
-0.4959426180754101,-0.4291048179409038,-0.46508427634374117,-0.46618317148792077,-0.5563385795422586,-0.3709448379209555,0.0,1.0,0.0,0.0,1.0,0.0,0.0,1.0,0.0,0.0,1.0,0.0
-0.11207775677801594,-0.5543986433567358,-0.46508427634374117,-0.46618317148792077,-0.5563385795422586,0.8295675466232271,1.0,0.0,0.0,1.0,0.0,0.0,1.0,0.0,0.0,0.0,1.0,0.0
3.1123870781200953,-0.4886268252643394,-0.46508427634374117,-0.46618317148792077,-0.5563385795422586,-0.3709448379209555,0.0,1.0,0.0,0.0,1.0,0.0,0.0,1.0,0.0,0.0,1.0,0.0
0.19501413225989941,-0.36958281061746817,0.4783345406270387,0.7277823612437324,0.7031624336026958,0.8295675466232271,1.0,0.0,0.0,1.0,0.0,0.0,0.0,0.0,1.0,0.0,0.0,0.0
-1.033353423891762,-0.25649099670294045,0.4783345406270387,0.7277823612437324,0.7031624336026958,0.8295675466232271,0.0,1.0,0.0,0.0,1.0,0.0,0.0,1.0,0.0,0.0,0.0,0.0
-0.6494885625943678,1.0113277592862386,-0.46508427634374117,-0.46618317148792077,-0.5563385795422586,-0.3709448379209555,0.0,1.0,0.0,0.0,1.0,0.0,0.0,1.0,0.0,0.0,1.0,0.0
-0.11207775677801594,-0.5660054347848058,-0.46508427634374117,-0.46618317148792077,-0.5563385795422586,0.8295675466232271,0.0,1.0,0.0,0.0,1.0,0.0,0.0,1.0,0.0,0.0,1.0,0.0
0.9627438548546878,-0.4291048179409038,-0.46508427634374117,-0.46618317148792077,-0.5563385795422586,-0.3709448379209555,0.0,1.0,0.0,0.0,1.0,0.0,0.0,0.0,0.0,1.0,1.0,0.0
-0.4191696458159313,-0.5530105901459533,-0.46508427634374117,-0.46618317148792077,-0.5563385795422586,0.8295675466232271,0.0,1.0,0.0,0.0,1.0,0.0,0.0,1.0,0.0,0.0,1.0,0.0
-0.572715590334889,-0.5541010333201186,-0.46508427634374117,-0.46618317148792077,-0.5563385795422586,0.8295675466232271,1.0,0.0,0.0,0.0,1.0,0.0,1.0,0.0,0.0,0.0,1.0,0.0
0.8091979103357302,-0.5666006548580401,-0.46508427634374117,-0.46618317148792077,-0.5563385795422586,0.8295675466232271,0.0,1.0,1.0,0.0,0.0,0.0,0.0,1.0,0.0,0.0,1.0,0.0
-2.191089845564703,2.8696048279238995,0.4783345406270387,1.9217478939753856,1.3329129401751731,-1.571457222465138,0.0,1.0,0.0,0.0,1.0,1.0,0.0,0.0,0.0,0.0,0.0,1.0
0.27178710451937826,-0.5323755006470646,-0.46508427634374117,-0.46618317148792077,-0.5563385795422586,0.8295675466232271,0.0,1.0,1.0,0.0,0.0,0.0,0.0,1.0,0.0,0.0,1.0,0.0
-0.8798074793728043,-0.5535058132468842,-0.46508427634374117,-0.46618317148792077,-0.5563385795422586,0.8295675466232271,0.0,1.0,0.0,0.0,1.0,0.0,0.0,1.0,0.0,0.0,1.0,0.0
-0.11207775677801594,0.606478112514573,-0.46508427634374117,-0.46618317148792077,-0.5563385795422586,0.8295675466232271,0.0,1.0,0.0,0.0,1.0,0.0,0.0,1.0,0.0,0.0,1.0,0.0
0.5788789935572937,-0.11959037985903849,0.4783345406270387,-0.46618317148792077,0.07341192703021858,-0.3709448379209555,0.0,1.0,0.0,0.0,1.0,0.0,0.0,1.0,0.0,0.0,0.0,0.0
-1.8778561187460292,-0.44160443947882533,-0.46508427634374117,-0.46618317148792077,-0.5563385795422586,0.8295675466232271,1.0,0.0,0.0,0.0,1.0,0.0,1.0,0.0,0.0,0.0,1.0,0.0
-1.2636723406701986,-0.5665006578857368,-0.46508427634374117,-0.46618317148792077,-0.5563385795422586,0.8295675466232271,1.0,0.0,1.0,0.0,0.0,0.0,1.0,0.0,0.0,0.0,1.0,0.0
-0.18885072903749478,-0.11959037985903849,-0.46508427634374117,-0.46618317148792077,-0.5563385795422586,-0.3709448379209555,0.0,1.0,0.0,0.0,1.0,0.0,0.0,1.0,0.0,0.0,1.0,0.0
0.6556519658167724,-0.4291048179409038,-0.46508427634374117,-0.46618317148792077,-0.5563385795422586,-0.3709448379209555,1.0,0.0,0.0,0.0,1.0,0.0,1.0,0.0,0.0,0.0,1.0,0.0
0.9627438548546878,-0.5588627939059935,-0.46508427634374117,-0.46618317148792077,-0.5563385795422586,0.8295675466232271,0.0,1.0,0.0,0.0,1.0,0.0,0.0,1.0,0.0,0.0,1.0,0.0
-2.031402063264987,-0.36005928944571847,0.4783345406270387,0.7277823612437324,0.7031624336026958,0.8295675466232271,0.0,1.0,0.0,0.0,1.0,1.0,0.0,0.0,0.0,0.0,0.0,0.0
-0.11207775677801594,-0.43743789896618474,-0.46508427634374117,-0.46618317148792077,-0.5563385795422586,-0.3709448379209555,1.0,0.0,0.0,0.0,1.0,0.0,0.0,0.0,1.0,0.0,1.0,0.0
1.5769276329305186,5.15455469209829,-0.46508427634374117,0.7277823612437324,0.07341192703021858,-1.571457222465138,1.0,0.0,1.0,0.0,0.0,0.0,0.0,0.0,1.0,0.0,0.0,1.0
1.6537006051899974,-0.10649553824788265,-0.46508427634374117,-0.46618317148792077,-0.5563385795422586,-1.571457222465138,0.0,1.0,0.0,0.0,1.0,0.0,0.0,1.0,0.0,0.0,1.0,1.0
-0.11207775677801594,-0.5665006578857368,-0.46508427634374117,-0.46618317148792077,-0.5563385795422586,0.8295675466232271,0.0,1.0,1.0,0.0,0.0,0.0,0.0,1.0,0.0,0.0,1.0,0.0
-0.2656237012969736,1.1387048549583907,-0.46508427634374117,-0.46618317148792077,-0.5563385795422586,-1.571457222465138,1.0,0.0,0.0,0.0,1.0,0.0,1.0,0.0,0.0,0.0,1.0,0.0
-0.11207775677801594,-0.5506297098530158,-0.46508427634374117,-0.46618317148792077,-0.5563385795422586,0.8295675466232271,0.0,1.0,0.0,0.0,1.0,0.0,0.0,1.0,0.0,0.0,1.0,0.0
-0.4191696458159313,0.4400164859535598,-0.46508427634374117,-0.46618317148792077,-0.5563385795422586,-1.571457222465138,1.0,0.0,1.0,0.0,0.0,0.0,1.0,0.0,0.0,0.0,1.0,1.0
0.9627438548546878,0.5126333348881513,0.4783345406270387,-0.46618317148792077,0.07341192703021858,-1.571457222465138,0.0,1.0,0.0,0.0,1.0,0.0,0.0,1.0,0.0,0.0,0.0,1.0
0.9627438548546878,-0.11274534901684337,-0.46508427634374117,-0.46618317148792077,-0.5563385795422586,-1.571457222465138,0.0,1.0,0.0,0.0,1.0,0.0,0.0,1.0,0.0,0.0,1.0,1.0
-0.11207775677801594,-0.5506297098530158,-0.46508427634374117,-0.46618317148792077,-0.5563385795422586,0.8295675466232271,0.0,1.0,0.0,0.0,1.0,0.0,0.0,1.0,0.0,0.0,1.0,0.0
0.5021060212978148,-0.07792497473263355,0.4783345406270387,1.9217478939753856,1.3329129401751731,-0.3709448379209555,0.0,1.0,0.0,0.0,1.0,0.0,0.0,1.0,0.0,0.0,0.0,0.0
-0.8030345071133255,-0.11284534598914675,-0.46508427634374117,1.9217478939753856,0.7031624336026958,-1.571457222465138,1.0,0.0,0.0,0.0,1.0,0.0,1.0,0.0,0.0,0.0,0.0,1.0
-0.11207775677801594,0.9172829877152103,7.082266259422497,1.9217478939753856,5.741166486182514,0.8295675466232271,1.0,0.0,0.0,0.0,1.0,0.0,1.0,0.0,0.0,0.0,0.0,0.0
2.728522216822701,-0.10649553824788265,-0.46508427634374117,-0.46618317148792077,-0.5563385795422586,-1.571457222465138,0.0,1.0,0.0,0.0,1.0,0.0,0.0,1.0,0.0,0.0,1.0,1.0
-1.1101263961512409,-0.5474536155422374,-0.46508427634374117,-0.46618317148792077,-0.5563385795422586,0.8295675466232271,1.0,0.0,0.0,1.0,0.0,0.0,1.0,0.0,0.0,0.0,1.0,0.0
-0.11207775677801594,-0.5666006548580401,-0.46508427634374117,-0.46618317148792077,-0.5563385795422586,0.8295675466232271,1.0,0.0,1.0,0.0,0.0,0.0,0.0,0.0,1.0,0.0,1.0,0.0
1.2698357438926031,1.147037935983672,-0.46508427634374117,-0.46618317148792077,-0.5563385795422586,-1.571457222465138,0.0,1.0,1.0,0.0,0.0,0.0,0.0,1.0,0.0,0.0,1.0,1.0
-0.11207775677801594,0.3827753619507583,-0.46508427634374117,-0.46618317148792077,-0.5563385795422586,-1.571457222465138,0.0,1.0,0.0,0.0,1.0,0.0,0.0,1.0,0.0,0.0,1.0,0.0
1.5769276329305186,-0.11959037985903849,-0.46508427634374117,0.7277823612437324,0.07341192703021858,-0.3709448379209555,1.0,0.0,0.0,0.0,1.0,0.0,0.0,0.0,1.0,0.0,0.0,0.0
-0.8030345071133255,1.4298674677422945,0.4783345406270387,-0.46618317148792077,0.07341192703021858,-1.571457222465138,1.0,0.0,1.0,0.0,0.0,0.0,0.0,0.0,1.0,0.0,0.0,1.0
-0.11207775677801594,-0.1636366652783809,0.4783345406270387,-0.46618317148792077,0.07341192703021858,0.8295675466232271,1.0,0.0,0.0,1.0,0.0,0.0,1.0,0.0,0.0,0.0,0.0,0.0
-0.3423966735564525,0.5813812533467194,0.4783345406270387,-0.46618317148792077,0.07341192703021858,-1.571457222465138,0.0,1.0,1.0,0.0,0.0,0.0,0.0,1.0,0.0,0.0,0.0,1.0
2.4982033000442647,1.1660849783271714,-0.46508427634374117,-0.46618317148792077,-0.5563385795422586,-1.571457222465138,1.0,0.0,0.0,0.0,1.0,0.0,0.0,0.0,1.0,0.0,1.0,1.0
-0.18885072903749478,0.5256281795270038,0.4783345406270387,-0.46618317148792077,0.07341192703021858,-1.571457222465138,0.0,1.0,0.0,0.0,1.0,0.0,0.0,1.0,0.0,0.0,0.0,1.0
0.42533304903833596,1.4041730076209138,0.4783345406270387,-0.46618317148792077,0.07341192703021858,-1.571457222465138,1.0,0.0,0.0,0.0,1.0,0.0,0.0,0.0,1.0,0.0,0.0,1.0
-0.11207775677801594,-0.3791063317892179,-0.46508427634374117,-0.46618317148792077,-0.5563385795422586,0.8295675466232271,0.0,1.0,0.0,0.0,1.0,0.0,0.0,1.0,0.0,0.0,1.0,0.0
0.9627438548546878,-0.556481913613056,-0.46508427634374117,-0.46618317148792077,-0.5563385795422586,0.8295675466232271,0.0,1.0,0.0,0.0,1.0,0.0,0.0,1.0,0.0,0.0,1.0,1.0
-0.11207775677801594,-0.5506297098530158,-0.46508427634374117,-0.46618317148792077,-0.5563385795422586,0.8295675466232271,0.0,1.0,1.0,0.0,0.0,0.0,0.0,1.0,0.0,0.0,1.0,0.0
-0.11207775677801594,0.4961647859019031,0.4783345406270387,-0.46618317148792077,0.07341192703021858,-1.571457222465138,1.0,0.0,0.0,0.0,1.0,0.0,0.0,0.0,1.0,0.0,0.0,1.0
-0.4191696458159313,-0.5707671953706805,-0.46508427634374117,-0.46618317148792077,-0.5563385795422586,0.8295675466232271,0.0,1.0,0.0,0.0,1.0,0.0,0.0,1.0,0.0,0.0,1.0,0.0
-0.4191696458159313,-0.5685839281420569,-0.46508427634374117,-0.46618317148792077,-0.5563385795422586,0.8295675466232271,0.0,1.0,0.0,0.0,1.0,0.0,0.0,1.0,0.0,0.0,1.0,0.0
-1.9546290910055082,0.18992405822282682,1.4217533575978185,0.7277823612437324,1.3329129401751731,-0.3709448379209555,1.0,0.0,0.0,0.0,1.0,0.0,1.0,0.0,0.0,0.0,0.0,1.0
-0.11207775677801594,-0.4291048179409038,-0.46508427634374117,-0.46618317148792077,-0.5563385795422586,-0.3709448379209555,1.0,0.0,0.0,0.0,1.0,0.0,1.0,0.0,0.0,0.0,1.0,0.0
-0.8798074793728043,1.0113277592862386,-0.46508427634374117,-0.46618317148792077,-0.5563385795422586,-0.3709448379209555,0.0,1.0,0.0,0.0,1.0,0.0,0.0,1.0,0.0,0.0,1.0,0.0
-0.18885072903749478,-0.4735487103691667,-0.46508427634374117,1.9217478939753856,0.7031624336026958,0.8295675466232271,1.0,0.0,0.0,0.0,1.0,0.0,0.0,0.0,1.0,0.0,0.0,0.0
-0.11207775677801594,0.2042093399804514,-0.46508427634374117,-0.46618317148792077,-0.5563385795422586,-1.571457222465138,0.0,1.0,1.0,0.0,0.0,0.0,0.0,0.0,0.0,1.0,1.0,0.0
-1.1868993684107196,0.3780136013648834,4.252009808510158,1.9217478939753856,3.851914966465082,0.8295675466232271,0.0,1.0,0.0,0.0,1.0,0.0,0.0,1.0,0.0,0.0,0.0,0.0
-0.11207775677801594,-0.167207985717787,0.4783345406270387,-0.46618317148792077,0.07341192703021858,-0.3709448379209555,1.0,0.0,1.0,0.0,0.0,0.0,0.0,0.0,1.0,0.0,0.0,0.0
-0.572715590334889,-0.5160069486331199,-0.46508427634374117,-0.46618317148792077,-0.5563385795422586,0.8295675466232271,0.0,1.0,0.0,0.0,1.0,0.0,0.0,1.0,0.0,0.0,1.0,0.0
0.5788789935572937,0.5126333348881513,0.4783345406270387,0.7277823612437324,0.7031624336026958,-1.571457222465138,0.0,1.0,0.0,0.0,1.0,0.0,0.0,1.0,0.0,0.0,0.0,1.0
1.346608716152082,-0.5660054347848058,-0.46508427634374117,-0.46618317148792077,-0.5563385795422586,0.8295675466232271,0.0,1.0,0.0,0.0,1.0,0.0,0.0,1.0,0.0,0.0,1.0,0.0
-0.11207775677801594,-0.39339161354684243,-0.46508427634374117,-0.46618317148792077,-0.5563385795422586,0.8295675466232271,0.0,1.0,0.0,0.0,1.0,0.0,0.0,1.0,0.0,0.0,1.0,0.0
-0.11207775677801594,-0.4291048179409038,-0.46508427634374117,-0.46618317148792077,-0.5563385795422586,-0.3709448379209555,0.0,1.0,0.0,0.0,1.0,0.0,0.0,1.0,0.0,0.0,1.0,0.0
0.5021060212978148,-0.1636366652783809,0.4783345406270387,0.7277823612437324,0.7031624336026958,0.8295675466232271,0.0,1.0,0.0,0.0,1.0,0.0,0.0,1.0,0.0,0.0,0.0,0.0
-0.7262615348538467,-0.5665006578857368,-0.46508427634374117,-0.46618317148792077,-0.5563385795422586,0.8295675466232271,0.0,1.0,1.0,0.0,0.0,0.0,0.0,1.0,0.0,0.0,1.0,0.0
1.9607924942279127,-0.35767840915278104,-0.46508427634374117,-0.46618317148792077,-0.5563385795422586,-0.3709448379209555,1.0,0.0,0.0,0.0,1.0,0.0,0.0,0.0,1.0,0.0,1.0,0.0
-0.11207775677801594,-0.1322876144612738,2.3651721745685985,0.7277823612437324,1.9626634467476503,0.8295675466232271,1.0,0.0,0.0,0.0,1.0,0.0,1.0,0.0,0.0,0.0,0.0,0.0
-0.572715590334889,-0.5689815351509775,-0.46508427634374117,-0.46618317148792077,-0.5563385795422586,0.8295675466232271,0.0,1.0,0.0,0.0,1.0,0.0,0.0,1.0,0.0,0.0,1.0,0.0
2.1143384387468704,-0.4886268252643394,-0.46508427634374117,-0.46618317148792077,-0.5563385795422586,-0.3709448379209555,1.0,0.0,0.0,0.0,1.0,0.0,0.0,0.0,1.0,0.0,1.0,1.0
-0.0353047845185371,-0.570867192342984,0.4783345406270387,-0.46618317148792077,0.07341192703021858,0.8295675466232271,0.0,1.0,0.0,0.0,1.0,0.0,0.0,1.0,0.0,0.0,0.0,0.0
-0.2656237012969736,-0.5323755006470646,1.4217533575978185,-0.46618317148792077,0.7031624336026958,0.8295675466232271,0.0,1.0,0.0,0.0,1.0,0.0,0.0,1.0,0.0,0.0,0.0,0.0
-0.11207775677801594,-0.5469583924413064,-0.46508427634374117,-0.46618317148792077,-0.5563385795422586,0.8295675466232271,0.0,1.0,0.0,0.0,1.0,0.0,0.0,1.0,0.0,0.0,1.0,0.0
0.7324249380762513,0.5922928277292516,0.4783345406270387,-0.46618317148792077,0.07341192703021858,-1.571457222465138,1.0,0.0,0.0,0.0,1.0,0.0,0.0,0.0,1.0,0.0,0.0,1.0
0.19501413225989941,-0.5506297098530158,-0.46508427634374117,-0.46618317148792077,-0.5563385795422586,0.8295675466232271,0.0,1.0,0.0,0.0,1.0,0.0,0.0,1.0,0.0,0.0,1.0,0.0
0.04146818774094174,-0.44160443947882533,-0.46508427634374117,-0.46618317148792077,-0.5563385795422586,0.8295675466232271,1.0,0.0,0.0,0.0,1.0,0.0,1.0,0.0,0.0,0.0,1.0,0.0
0.6556519658167724,1.1660849783271714,-0.46508427634374117,-0.46618317148792077,-0.5563385795422586,-1.571457222465138,1.0,0.0,0.0,0.0,1.0,0.0,1.0,0.0,0.0,0.0,1.0,1.0
-0.11207775677801594,-0.5506297098530158,-0.46508427634374117,-0.46618317148792077,-0.5563385795422586,0.8295675466232271,0.0,1.0,0.0,0.0,1.0,0.0,0.0,1.0,0.0,0.0,1.0,0.0
-0.8798074793728043,-0.5601532310247656,-0.46508427634374117,-0.46618317148792077,-0.5563385795422586,0.8295675466232271,1.0,0.0,0.0,0.0,1.0,0.0,1.0,0.0,0.0,0.0,1.0,0.0
-0.4191696458159313,0.8089529343865575,0.4783345406270387,1.9217478939753856,1.3329129401751731,-0.3709448379209555,1.0,0.0,0.0,0.0,1.0,0.0,1.0,0.0,0.0,0.0,0.0,0.0
-1.9546290910055082,-0.34101224710221906,0.4783345406270387,0.7277823612437324,0.7031624336026958,0.8295675466232271,1.0,0.0,0.0,0.0,1.0,0.0,1.0,0.0,0.0,0.0,0.0,1.0
-0.572715590334889,-0.5660054347848058,-0.46508427634374117,-0.46618317148792077,-0.5563385795422586,0.8295675466232271,1.0,0.0,0.0,0.0,1.0,0.0,1.0,0.0,0.0,0.0,1.0,0.0
-0.11207775677801594,-0.5510249359816435,-0.46508427634374117,-0.46618317148792077,-0.5563385795422586,0.8295675466232271,1.0,0.0,0.0,1.0,0.0,0.0,1.0,0.0,0.0,0.0,1.0,0.0
-0.4959426180754101,-0.4886268252643394,-0.46508427634374117,-0.46618317148792077,-0.5563385795422586,-0.3709448379209555,0.0,1.0,0.0,0.0,1.0,0.0,0.0,0.0,0.0,1.0,1.0,0.0
-0.8798074793728043,-0.5530105901459533,-0.46508427634374117,-0.46618317148792077,-0.5563385795422586,0.8295675466232271,0.0,1.0,0.0,0.0,1.0,0.0,0.0,1.0,0.0,0.0,1.0,0.0
-0.11207775677801594,-0.0005463652121672249,-0.46508427634374117,-0.46618317148792077,-0.5563385795422586,-1.571457222465138,0.0,1.0,0.0,0.0,1.0,0.0,0.0,1.0,0.0,0.0,1.0,0.0
0.27178710451937826,-0.5506297098530158,-0.46508427634374117,-0.46618317148792077,-0.5563385795422586,0.8295675466232271,0.0,1.0,0.0,0.0,1.0,0.0,0.0,1.0,0.0,0.0,1.0,0.0
-1.6475372019675927,-0.11363817912669494,-0.46508427634374117,1.9217478939753856,0.7031624336026958,-0.3709448379209555,1.0,0.0,0.0,0.0,1.0,0.0,1.0,0.0,0.0,0.0,0.0,0.0
-0.572715590334889,-0.5660054347848058,0.4783345406270387,-0.46618317148792077,0.07341192703021858,0.8295675466232271,0.0,1.0,0.0,0.0,1.0,0.0,0.0,1.0,0.0,0.0,0.0,0.0
0.5021060212978148,-0.11036446872390598,-0.46508427634374117,-0.46618317148792077,-0.5563385795422586,-1.571457222465138,0.0,1.0,0.0,0.0,1.0,0.0,0.0,1.0,0.0,0.0,1.0,1.0
-0.3423966735564525,-0.4291048179409038,-0.46508427634374117,-0.46618317148792077,-0.5563385795422586,-0.3709448379209555,0.0,1.0,0.0,0.0,1.0,0.0,0.0,1.0,0.0,0.0,1.0,0.0
-0.8030345071133255,-0.5469583924413064,-0.46508427634374117,-0.46618317148792077,-0.5563385795422586,0.8295675466232271,0.0,1.0,0.0,0.0,1.0,0.0,0.0,1.0,0.0,0.0,1.0,0.0
-0.11207775677801594,-0.18030282732894287,0.4783345406270387,1.9217478939753856,1.3329129401751731,0.8295675466232271,1.0,0.0,0.0,0.0,1.0,0.0,1.0,0.0,0.0,0.0,0.0,0.0
0.5021060212978148,2.1184370955021414,0.4783345406270387,1.9217478939753856,1.3329129401751731,-1.571457222465138,0.0,1.0,0.0,0.0,1.0,0.0,0.0,1.0,0.0,0.0,0.0,1.0
-0.4959426180754101,-0.46481802233496516,1.4217533575978185,0.7277823612437324,1.3329129401751731,-0.3709448379209555,0.0,1.0,0.0,0.0,1.0,0.0,0.0,1.0,0.0,0.0,0.0,0.0
-0.0353047845185371,-0.2368487342862067,-0.46508427634374117,4.309678959438692,1.9626634467476503,0.8295675466232271,1.0,0.0,0.0,0.0,1.0,0.0,0.0,0.0,1.0,0.0,0.0,0.0
-2.1849480077839445,-0.4735487103691667,0.4783345406270387,0.7277823612437324,0.7031624336026958,0.8295675466232271,1.0,0.0,0.0,0.0,1.0,0.0,1.0,0.0,0.0,0.0,0.0,0.0
0.42533304903833596,-0.5506297098530158,-0.46508427634374117,-0.46618317148792077,-0.5563385795422586,0.8295675466232271,0.0,1.0,1.0,0.0,0.0,0.0,0.0,1.0,0.0,0.0,1.0,0.0
-0.0353047845185371,-0.23863439450590976,0.4783345406270387,-0.46618317148792077,0.07341192703021858,-0.3709448379209555,0.0,1.0,0.0,0.0,1.0,0.0,0.0,1.0,0.0,0.0,0.0,0.0
1.1162897993736456,-0.11959037985903849,0.4783345406270387,-0.46618317148792077,0.07341192703021858,-0.3709448379209555,0.0,1.0,0.0,0.0,1.0,0.0,0.0,1.0,0.0,0.0,0.0,0.0
0.5021060212978148,1.1387048549583907,0.4783345406270387,-0.46618317148792077,0.07341192703021858,-1.571457222465138,0.0,1.0,0.0,0.0,1.0,0.0,0.0,1.0,0.0,0.0,0.0,1.0
-0.11207775677801594,-0.5506297098530158,-0.46508427634374117,-0.46618317148792077,-0.5563385795422586,0.8295675466232271,0.0,1.0,0.0,0.0,1.0,0.0,0.0,1.0,0.0,0.0,1.0,0.0
-0.11207775677801594,-0.573148075663618,-0.46508427634374117,-0.46618317148792077,-0.5563385795422586,0.8295675466232271,0.0,1.0,0.0,1.0,0.0,0.0,0.0,1.0,0.0,0.0,1.0,0.0
-0.6494885625943678,-0.5530105901459533,-0.46508427634374117,-0.46618317148792077,-0.5563385795422586,0.8295675466232271,0.0,1.0,0.0,0.0,1.0,0.0,0.0,1.0,0.0,0.0,1.0,0.0
-1.033353423891762,-0.5124356281937137,-0.46508427634374117,-0.46618317148792077,-0.5563385795422586,0.8295675466232271,0.0,1.0,0.0,0.0,1.0,0.0,0.0,1.0,0.0,0.0,1.0,0.0
-1.8010831464865504,0.04707124064658128,-0.46508427634374117,0.7277823612437324,0.07341192703021858,-0.3709448379209555,1.0,0.0,0.0,0.0,1.0,0.0,1.0,0.0,0.0,0.0,0.0,0.0
0.19501413225989941,-0.5469583924413064,-0.46508427634374117,-0.46618317148792077,-0.5563385795422586,0.8295675466232271,0.0,1.0,0.0,0.0,1.0,0.0,0.0,1.0,0.0,0.0,1.0,1.0
0.6556519658167724,-0.7386192560227691,-0.46508427634374117,-0.46618317148792077,-0.5563385795422586,-1.571457222465138,0.0,1.0,0.0,0.0,1.0,0.0,0.0,0.0,0.0,1.0,1.0,0.0
-0.2656237012969736,-0.11959037985903849,0.4783345406270387,0.7277823612437324,0.7031624336026958,-0.3709448379209555,1.0,0.0,0.0,0.0,1.0,0.0,0.0,0.0,1.0,0.0,0.0,0.0
1.884019521968434,1.124817180209687,0.4783345406270387,-0.46618317148792077,0.07341192703021858,-1.571457222465138,1.0,0.0,1.0,0.0,0.0,0.0,1.0,0.0,0.0,0.0,0.0,1.0
-0.11207775677801594,0.4518208904459436,-0.46508427634374117,-0.46618317148792077,-0.5563385795422586,-1.571457222465138,0.0,1.0,0.0,0.0,1.0,0.0,0.0,1.0,0.0,0.0,1.0,1.0
0.8091979103357302,-0.07862019177817127,-0.46508427634374117,-0.46618317148792077,-0.5563385795422586,-1.571457222465138,0.0,1.0,1.0,0.0,0.0,0.0,0.0,0.0,0.0,1.0,1.0,0.0
0.9627438548546878,-0.4291048179409038,-0.46508427634374117,-0.46618317148792077,-0.5563385795422586,-0.3709448379209555,0.0,1.0,0.0,0.0,1.0,0.0,0.0,1.0,0.0,0.0,1.0,0.0
-0.11207775677801594,-0.5516201560548779,-0.46508427634374117,-0.46618317148792077,-0.5563385795422586,0.8295675466232271,0.0,1.0,0.0,0.0,1.0,0.0,0.0,1.0,0.0,0.0,1.0,0.0
0.42533304903833596,0.5256281795270038,0.4783345406270387,-0.46618317148792077,0.07341192703021858,-1.571457222465138,1.0,0.0,0.0,0.0,1.0,0.0,0.0,0.0,1.0,0.0,0.0,1.0
-0.8798074793728043,-0.5839620339541398,0.4783345406270387,-0.46618317148792077,0.07341192703021858,0.8295675466232271,0.0,1.0,0.0,0.0,1.0,0.0,0.0,1.0,0.0,0.0,0.0,0.0
-0.8798074793728043,-0.5410061917089628,-0.46508427634374117,-0.46618317148792077,-0.5563385795422586,0.8295675466232271,0.0,1.0,0.0,0.0,1.0,0.0,0.0,1.0,0.0,0.0,1.0,0.0
-1.570764229708114,0.008679545922965281,3.3085909915393783,1.9217478939753856,3.222164459892605,0.8295675466232271,0.0,1.0,0.0,0.0,1.0,1.0,0.0,0.0,0.0,0.0,0.0,0.0
0.5021060212978148,-0.5506297098530158,-0.46508427634374117,-0.46618317148792077,-0.5563385795422586,0.8295675466232271,0.0,1.0,0.0,0.0,1.0,0.0,0.0,1.0,0.0,0.0,1.0,0.0
-2.1081750355244657,-0.07435365429322745,2.3651721745685985,1.9217478939753856,2.592413953320128,0.8295675466232271,1.0,0.0,0.0,0.0,1.0,0.0,1.0,0.0,0.0,0.0,0.0,0.0
-0.3423966735564525,-0.5707671953706805,-0.46508427634374117,-0.46618317148792077,-0.5563385795422586,0.8295675466232271,0.0,1.0,0.0,0.0,1.0,0.0,0.0,1.0,0.0,0.0,1.0,0.0
1.884019521968434,-0.11959037985903849,-0.46508427634374117,-0.46618317148792077,-0.5563385795422586,-0.3709448379209555,0.0,1.0,0.0,0.0,1.0,0.0,0.0,1.0,0.0,0.0,1.0,0.0
-1.570764229708114,0.07980834467447089,1.4217533575978185,1.9217478939753856,1.9626634467476503,0.8295675466232271,1.0,0.0,0.0,0.0,1.0,0.0,1.0,0.0,0.0,0.0,0.0,0.0
3.880116800714884,-0.02435516814154148,-0.46508427634374117,-0.46618317148792077,-0.5563385795422586,-1.571457222465138,0.0,1.0,0.0,0.0,1.0,0.0,0.0,1.0,0.0,0.0,1.0,1.0
0.8091979103357302,2.9151391635263275,-0.46508427634374117,-0.46618317148792077,-0.5563385795422586,-1.571457222465138,1.0,0.0,0.0,0.0,1.0,0.0,1.0,0.0,0.0,0.0,1.0,1.0
0.885970882595209,2.463664737978068,-0.46508427634374117,-0.46618317148792077,-0.5563385795422586,-1.571457222465138,1.0,0.0,1.0,0.0,0.0,0.0,1.0,0.0,0.0,0.0,1.0,1.0
-0.4191696458159313,-0.11959037985903849,0.4783345406270387,-0.46618317148792077,0.07341192703021858,-0.3709448379209555,1.0,0.0,0.0,0.0,1.0,0.0,0.0,0.0,1.0,0.0,0.0,0.0
-0.572715590334889,-0.5243400296584008,-0.46508427634374117,-0.46618317148792077,-0.5563385795422586,0.8295675466232271,0.0,1.0,0.0,0.0,1.0,0.0,0.0,1.0,0.0,0.0,1.0,0.0
-0.9565804516322832,0.6184825109515634,0.4783345406270387,-0.46618317148792077,0.07341192703021858,-1.571457222465138,1.0,0.0,0.0,0.0,1.0,0.0,0.0,0.0,1.0,0.0,0.0,1.0
1.1930627716331244,-0.07435365429322745,0.4783345406270387,4.309678959438692,2.592413953320128,0.8295675466232271,1.0,0.0,0.0,0.0,1.0,0.0,0.0,0.0,1.0,0.0,0.0,0.0
-0.7262615348538467,-0.5707671953706805,-0.46508427634374117,-0.46618317148792077,-0.5563385795422586,0.8295675466232271,0.0,1.0,0.0,0.0,1.0,0.0,0.0,1.0,0.0,0.0,1.0,0.0
1.7304735774494762,1.124817180209687,0.4783345406270387,-0.46618317148792077,0.07341192703021858,-1.571457222465138,1.0,0.0,1.0,0.0,0.0,0.0,0.0,0.0,1.0,0.0,0.0,1.0
0.42533304903833596,-0.5707671953706805,-0.46508427634374117,-0.46618317148792077,-0.5563385795422586,0.8295675466232271,0.0,1.0,0.0,0.0,1.0,0.0,0.0,1.0,0.0,0.0,1.0,0.0
0.04146818774094174,-0.5665006578857368,-0.46508427634374117,-0.46618317148792077,-0.5563385795422586,0.8295675466232271,0.0,1.0,1.0,0.0,0.0,0.0,0.0,1.0,0.0,0.0,1.0,0.0
-0.11207775677801594,-0.22246345555627872,1.4217533575978185,-0.46618317148792077,0.7031624336026958,0.8295675466232271,0.0,1.0,1.0,0.0,0.0,0.0,0.0,1.0,0.0,0.0,0.0,0.0
0.6556519658167724,1.4041730076209138,0.4783345406270387,-0.46618317148792077,0.07341192703021858,-1.571457222465138,0.0,1.0,0.0,0.0,1.0,0.0,0.0,1.0,0.0,0.0,0.0,1.0
-0.11207775677801594,-0.3944820567210078,0.4783345406270387,-0.46618317148792077,0.07341192703021858,0.8295675466232271,1.0,0.0,1.0,0.0,0.0,0.0,1.0,0.0,0.0,0.0,0.0,0.0
0.7324249380762513,-0.7386192560227691,-0.46508427634374117,-0.46618317148792077,-0.5563385795422586,-1.571457222465138,0.0,1.0,0.0,0.0,1.0,0.0,0.0,1.0,0.0,0.0,1.0,1.0
0.11824116000042058,1.9583228958020997,0.4783345406270387,-0.46618317148792077,0.07341192703021858,-1.571457222465138,1.0,0.0,1.0,0.0,0.0,0.0,1.0,0.0,0.0,0.0,0.0,1.0
-0.572715590334889,-0.5595580109515312,-0.46508427634374117,-0.46618317148792077,-0.5563385795422586,0.8295675466232271,0.0,1.0,0.0,0.0,1.0,0.0,0.0,1.0,0.0,0.0,1.0,0.0
-0.7262615348538467,-0.5499344928074781,-0.46508427634374117,-0.46618317148792077,-0.5563385795422586,0.8295675466232271,0.0,1.0,0.0,0.0,1.0,0.0,0.0,1.0,0.0,0.0,1.0,0.0
-0.572715590334889,2.8696048279238995,-0.46508427634374117,-0.46618317148792077,-0.5563385795422586,-1.571457222465138,1.0,0.0,0.0,0.0,1.0,0.0,1.0,0.0,0.0,0.0,1.0,0.0
-0.2656237012969736,-0.5516201560548779,-0.46508427634374117,-0.46618317148792077,-0.5563385795422586,0.8295675466232271,1.0,0.0,0.0,0.0,1.0,0.0,1.0,0.0,0.0,0.0,1.0,0.0
-1.1101263961512409,-0.5666006548580401,-0.46508427634374117,-0.46618317148792077,-0.5563385795422586,0.8295675466232271,1.0,0.0,1.0,0.0,0.0,0.0,1.0,0.0,0.0,0.0,1.0,0.0
0.19501413225989941,-0.3612497295921872,0.4783345406270387,-0.46618317148792077,0.07341192703021858,0.8295675466232271,0.0,1.0,0.0,0.0,1.0,0.0,0.0,1.0,0.0,0.0,0.0,0.0
0.04146818774094174,1.320842197368104,-0.46508427634374117,-0.46618317148792077,-0.5563385795422586,-1.571457222465138,1.0,0.0,0.0,0.0,1.0,0.0,1.0,0.0,0.0,0.0,1.0,1.0
0.3485600767788571,-0.19101678864716126,-0.46508427634374117,0.7277823612437324,0.07341192703021858,-0.3709448379209555,1.0,0.0,0.0,0.0,1.0,0.0,0.0,0.0,1.0,0.0,0.0,0.0
-0.11207775677801594,-0.5541010333201186,-0.46508427634374117,-0.46618317148792077,-0.5563385795422586,0.8295675466232271,1.0,0.0,0.0,1.0,0.0,0.0,1.0,0.0,0.0,0.0,1.0,0.0
-2.1849480077839445,-0.24875313575089383,0.4783345406270387,1.9217478939753856,1.3329129401751731,0.8295675466232271,0.0,1.0,0.0,0.0,1.0,1.0,0.0,0.0,0.0,0.0,0.0,0.0
-0.11207775677801594,-0.4172004164762167,-0.46508427634374117,-0.46618317148792077,-0.5563385795422586,-0.3709448379209555,0.0,1.0,0.0,0.0,1.0,0.0,0.0,1.0,0.0,0.0,1.0,0.0
0.04146818774094174,1.4875038178737237,-0.46508427634374117,-0.46618317148792077,-0.5563385795422586,-1.571457222465138,1.0,0.0,0.0,0.0,1.0,0.0,1.0,0.0,0.0,0.0,1.0,1.0
-0.572715590334889,-0.5660054347848058,-0.46508427634374117,-0.46618317148792077,-0.5563385795422586,0.8295675466232271,0.0,1.0,0.0,0.0,1.0,0.0,0.0,1.0,0.0,0.0,1.0,0.0
-0.6494885625943678,0.07980834467447089,1.4217533575978185,1.9217478939753856,1.9626634467476503,0.8295675466232271,1.0,0.0,0.0,0.0,1.0,0.0,1.0,0.0,0.0,0.0,0.0,0.0
0.5021060212978148,-0.43208091830707557,-0.46508427634374117,-0.46618317148792077,-0.5563385795422586,-0.3709448379209555,0.0,1.0,1.0,0.0,0.0,0.0,0.0,1.0,0.0,0.0,1.0,1.0
0.8091979103357302,-0.5506297098530158,-0.46508427634374117,-0.46618317148792077,-0.5563385795422586,0.8295675466232271,0.0,1.0,0.0,0.0,1.0,0.0,0.0,1.0,0.0,0.0,1.0,0.0
-2.1849480077839445,0.1424064493363816,-0.46508427634374117,1.9217478939753856,0.7031624336026958,-0.3709448379209555,0.0,1.0,1.0,0.0,0.0,1.0,0.0,0.0,0.0,0.0,0.0,0.0
0.8091979103357302,-0.36958281061746817,0.4783345406270387,0.7277823612437324,0.7031624336026958,0.8295675466232271,0.0,1.0,0.0,1.0,0.0,0.0,0.0,1.0,0.0,0.0,0.0,0.0
-0.11207775677801594,-0.5506297098530158,-0.46508427634374117,-0.46618317148792077,-0.5563385795422586,0.8295675466232271,1.0,0.0,0.0,0.0,1.0,0.0,1.0,0.0,0.0,0.0,1.0,0.0
0.8091979103357302,-0.4291048179409038,-0.46508427634374117,-0.46618317148792077,-0.5563385795422586,-0.3709448379209555,1.0,0.0,0.0,0.0,1.0,0.0,1.0,0.0,0.0,0.0,1.0,0.0
-0.11207775677801594,-0.5544986403290392,-0.46508427634374117,-0.46618317148792077,-0.5563385795422586,0.8295675466232271,1.0,0.0,0.0,1.0,0.0,0.0,1.0,0.0,0.0,0.0,1.0,0.0
-0.18885072903749478,-0.5506297098530158,-0.46508427634374117,-0.46618317148792077,-0.5563385795422586,0.8295675466232271,0.0,1.0,0.0,0.0,1.0,0.0,0.0,1.0,0.0,0.0,1.0,0.0
-0.4191696458159313,1.241280320619014,-0.46508427634374117,-0.46618317148792077,-0.5563385795422586,-1.571457222465138,1.0,0.0,1.0,0.0,0.0,0.0,1.0,0.0,0.0,0.0,1.0,1.0
-1.8778561187460292,-0.07792497473263355,0.4783345406270387,1.9217478939753856,1.3329129401751731,-0.3709448379209555,1.0,0.0,0.0,0.0,1.0,0.0,1.0,0.0,0.0,0.0,0.0,0.0
0.3485600767788571,-0.5839620339541398,-0.46508427634374117,-0.46618317148792077,-0.5563385795422586,0.8295675466232271,0.0,1.0,0.0,0.0,1.0,0.0,0.0,1.0,0.0,0.0,1.0,0.0
-0.4959426180754101,1.9583228958020997,0.4783345406270387,-0.46618317148792077,0.07341192703021858,-1.571457222465138,1.0,0.0,1.0,0.0,0.0,0.0,1.0,0.0,0.0,0.0,0.0,1.0
3.150773564249835,-0.5541010333201186,-0.46508427634374117,-0.46618317148792077,-0.5563385795422586,0.8295675466232271,0.0,1.0,0.0,1.0,0.0,0.0,0.0,1.0,0.0,0.0,1.0,0.0
-0.9565804516322832,-0.5499344928074781,3.3085909915393783,1.9217478939753856,3.222164459892605,0.8295675466232271,1.0,0.0,0.0,0.0,1.0,0.0,1.0,0.0,0.0,0.0,0.0,0.0
-1.033353423891762,0.6417960907800067,-0.46508427634374117,0.7277823612437324,0.07341192703021858,-1.571457222465138,1.0,0.0,1.0,0.0,0.0,0.0,1.0,0.0,0.0,0.0,0.0,1.0
-0.8030345071133255,-0.5443798990840552,-0.46508427634374117,-0.46618317148792077,-0.5563385795422586,0.8295675466232271,0.0,1.0,0.0,0.0,1.0,0.0,0.0,1.0,0.0,0.0,1.0,0.0
-0.3423966735564525,-0.5660054347848058,-0.46508427634374117,-0.46618317148792077,-0.5563385795422586,0.8295675466232271,0.0,1.0,0.0,0.0,1.0,0.0,0.0,1.0,0.0,0.0,1.0,0.0
-0.3423966735564525,2.8696048279238995,0.4783345406270387,1.9217478939753856,1.3329129401751731,-1.571457222465138,1.0,0.0,0.0,0.0,1.0,0.0,0.0,0.0,1.0,0.0,0.0,1.0
0.9627438548546878,0.4994384963046921,0.4783345406270387,-0.46618317148792077,0.07341192703021858,-1.571457222465138,0.0,1.0,0.0,0.0,1.0,0.0,0.0,1.0,0.0,0.0,0.0,0.0
-0.6494885625943678,-0.5499344928074781,-0.46508427634374117,-0.46618317148792077,-0.5563385795422586,0.8295675466232271,0.0,1.0,0.0,0.0,1.0,0.0,0.0,1.0,0.0,0.0,1.0,0.0
-0.11207775677801594,-0.5506297098530158,-0.46508427634374117,-0.46618317148792077,-0.5563385795422586,0.8295675466232271,0.0,1.0,0.0,0.0,1.0,0.0,0.0,1.0,0.0,0.0,1.0,0.0
-0.11207775677801594,-0.7386192560227691,-0.46508427634374117,-0.46618317148792077,-0.5563385795422586,-0.3709448379209555,0.0,1.0,0.0,0.0,1.0,0.0,0.0,1.0,0.0,0.0,1.0,0.0
-1.1101263961512409,4.293073633063862,-0.46508427634374117,0.7277823612437324,0.07341192703021858,-1.571457222465138,1.0,0.0,0.0,0.0,1.0,0.0,1.0,0.0,0.0,0.0,0.0,1.0
1.1930627716331244,-0.5725528555903837,-0.46508427634374117,-0.46618317148792077,-0.5563385795422586,0.8295675466232271,0.0,1.0,0.0,0.0,1.0,0.0,0.0,1.0,0.0,0.0,1.0,0.0
-0.11207775677801594,-0.2632360305728322,0.4783345406270387,-0.46618317148792077,0.07341192703021858,0.8295675466232271,0.0,1.0,0.0,0.0,1.0,0.0,0.0,1.0,0.0,0.0,0.0,0.0
-0.3423966735564525,-0.5535058132468842,0.4783345406270387,-0.46618317148792077,0.07341192703021858,0.8295675466232271,0.0,1.0,0.0,0.0,1.0,0.0,0.0,1.0,0.0,0.0,0.0,0.0
0.27178710451937826,-0.6195752413758978,-0.46508427634374117,-0.46618317148792077,-0.5563385795422586,-1.571457222465138,0.0,1.0,0.0,0.0,1.0,0.0,0.0,1.0,0.0,0.0,1.0,1.0
-0.11207775677801594,-0.4291048179409038,-0.46508427634374117,-0.46618317148792077,-0.5563385795422586,-0.3709448379209555,1.0,0.0,0.0,0.0,1.0,0.0,1.0,0.0,0.0,0.0,1.0,0.0
0.19501413225989941,1.0113277592862386,1.4217533575978185,-0.46618317148792077,0.7031624336026958,-0.3709448379209555,0.0,1.0,0.0,0.0,1.0,0.0,0.0,1.0,0.0,0.0,0.0,0.0
-0.2656237012969736,-0.02435516814154148,-0.46508427634374117,-0.46618317148792077,-0.5563385795422586,-1.571457222465138,0.0,1.0,1.0,0.0,0.0,0.0,0.0,1.0,0.0,0.0,1.0,1.0
0.5788789935572937,-0.5499344928074781,1.4217533575978185,-0.46618317148792077,0.7031624336026958,0.8295675466232271,0.0,1.0,0.0,0.0,1.0,0.0,0.0,1.0,0.0,0.0,0.0,0.0
1.5769276329305186,-0.055009001913110867,-0.46508427634374117,-0.46618317148792077,-0.5563385795422586,-1.571457222465138,1.0,0.0,1.0,0.0,0.0,0.0,1.0,0.0,0.0,0.0,1.0,1.0
1.5769276329305186,1.795232595735886,0.4783345406270387,-0.46618317148792077,0.07341192703021858,-1.571457222465138,0.0,1.0,1.0,0.0,0.0,0.0,0.0,1.0,0.0,0.0,0.0,1.0
-0.11207775677801594,-0.5448751221849861,-0.46508427634374117,-0.46618317148792077,-0.5563385795422586,0.8295675466232271,1.0,0.0,0.0,1.0,0.0,0.0,1.0,0.0,0.0,0.0,1.0,0.0
0.3485600767788571,-0.23863439450590976,0.4783345406270387,-0.46618317148792077,0.07341192703021858,-0.3709448379209555,0.0,1.0,0.0,0.0,1.0,0.0,0.0,1.0,0.0,0.0,0.0,0.0
-0.11207775677801594,-0.5510249359816435,-0.46508427634374117,-0.46618317148792077,-0.5563385795422586,0.8295675466232271,1.0,0.0,0.0,1.0,0.0,0.0,1.0,0.0,0.0,0.0,1.0,0.0
0.42533304903833596,5.189920764145649,-0.46508427634374117,-0.46618317148792077,-0.5563385795422586,-1.571457222465138,1.0,0.0,1.0,0.0,0.0,0.0,1.0,0.0,0.0,0.0,1.0,0.0
1.4233816884115609,0.07980834467447089,0.4783345406270387,3.1157134267070385,1.9626634467476503,0.8295675466232271,1.0,0.0,0.0,0.0,1.0,0.0,0.0,0.0,1.0,0.0,0.0,0.0
1.346608716152082,0.1780196567581397,-0.46508427634374117,-0.46618317148792077,-0.5563385795422586,-1.571457222465138,0.0,1.0,0.0,0.0,1.0,0.0,0.0,1.0,0.0,0.0,1.0,1.0
-0.11207775677801594,-0.10649553824788265,-0.46508427634374117,-0.46618317148792077,-0.5563385795422586,-1.571457222465138,0.0,1.0,0.0,0.0,1.0,0.0,0.0,1.0,0.0,0.0,1.0,0.0
